,conta,verba,valor_adjusted,year,ensemble_flag,ensemble_score,top_feature,top_shap_value,score_iforest,anomaly_iforest,score_knn,anomaly_knn,score_lof,anomaly_lof,score_gmm,anomaly_gmm,score_ocsvm,anomaly_ocsvm,favorecido,is_reversal,month,quarter,day_of_week,mean_value,fav_0,fav_1,fav_2,fav_3,fav_4,fav_5,fav_6,fav_7,fav_8,fav_9,fav_10,fav_11,fav_12,fav_13,fav_14,fav_15,fav_16,fav_17,fav_18,fav_19,fav_20,fav_21,fav_22,fav_23,fav_24,fav_25,fav_26,fav_27,fav_28,fav_29,fav_30,fav_31,fav_32,fav_33,fav_34,fav_35,fav_36,fav_37,fav_38,fav_39,fav_40,fav_41,fav_42,fav_43,fav_44,fav_45,fav_46,fav_47,fav_48,fav_49,fav_50,fav_51,fav_52,fav_53,fav_54,fav_55,fav_56,fav_57,fav_58,fav_59,fav_60,fav_61,fav_62,fav_63,cta_0,cta_1,cta_2,cta_3,cta_4,cta_5,cta_6,cta_7,cta_8,cta_9,cta_10,cta_11,cta_12,cta_13,cta_14,cta_15,cta_16,cta_17,cta_18,cta_19,cta_20,cta_21,cta_22,cta_23,cta_24,cta_25,cta_26,cta_27,cta_28,cta_29,cta_30,cta_31,llm_explanation
176046,Carlos Humberto Metzner Silva,ALMOXARIFADO,241.78347648,2023,1,0.3020973746321899,fav_39,-0.908910496619456,0.5899054597387681,1,0.122016830591729,1,0.21800546,1,0.0006277831015822,1,0.579931336247921,1,Carlos Humberto Metzner Silva,False,3,1,4,2336.9885395758056,0.0,0.0,0.0,0.0,0.0,0.0,0.0,0.0,0.0,0.0,0.0,0.0,0.0,0.0,0.0,0.0,0.0,0.0,0.0,0.0,0.0,0.0,0.0,0.0,0.0,0.0,0.0,0.0,0.0,0.0,0.0,0.0,0.0,0.0,0.0,0.0,0.0,0.0,0.0,1.0,0.0,0.0,0.0,0.0,0.0,0.0,0.0,0.0,0.0,0.0,0.0,0.0,0.0,0.0,0.0,0.0,0.0,0.0,0.0,0.0,0.0,0.0,0.0,0.0,0.0,0.0,0.0,0.0,0.0,0.0,0.0,1.0,0.0,0.0,0.0,0.0,0.0,0.0,0.0,0.0,0.0,0.0,0.0,0.0,0.0,0.0,0.0,0.0,0.0,0.0,0.0,0.0,0.0,0.0,0.0,0.0,
176047,Carlos Humberto Metzner Silva,ALMOXARIFADO,101.17617384,2023,1,0.3097815139748803,fav_39,-0.9002889938549566,0.6168778401286757,1,0.1214368081790067,1,0.2260588,1,0.0006309977891714,1,0.5839031277293835,1,Carlos Humberto Metzner Silva,False,4,2,6,2336.9885395758056,0.0,0.0,0.0,0.0,0.0,0.0,0.0,0.0,0.0,0.0,0.0,0.0,0.0,0.0,0.0,0.0,0.0,0.0,0.0,0.0,0.0,0.0,0.0,0.0,0.0,0.0,0.0,0.0,0.0,0.0,0.0,0.0,0.0,0.0,0.0,0.0,0.0,0.0,0.0,1.0,0.0,0.0,0.0,0.0,0.0,0.0,0.0,0.0,0.0,0.0,0.0,0.0,0.0,0.0,0.0,0.0,0.0,0.0,0.0,0.0,0.0,0.0,0.0,0.0,0.0,0.0,0.0,0.0,0.0,0.0,0.0,1.0,0.0,0.0,0.0,0.0,0.0,0.0,0.0,0.0,0.0,0.0,0.0,0.0,0.0,0.0,0.0,0.0,0.0,0.0,0.0,0.0,0.0,0.0,0.0,0.0,
176050,Carlos Humberto Metzner Silva,ALMOXARIFADO,3112.7115415200005,2023,1,0.3158026149583447,fav_39,-0.933414457777722,0.628802840311464,1,0.1242969092325764,1,0.23980089,1,0.0006236854743598,1,0.5854887544536134,1,Carlos Humberto Metzner Silva,False,7,3,0,2336.9885395758056,0.0,0.0,0.0,0.0,0.0,0.0,0.0,0.0,0.0,0.0,0.0,0.0,0.0,0.0,0.0,0.0,0.0,0.0,0.0,0.0,0.0,0.0,0.0,0.0,0.0,0.0,0.0,0.0,0.0,0.0,0.0,0.0,0.0,0.0,0.0,0.0,0.0,0.0,0.0,1.0,0.0,0.0,0.0,0.0,0.0,0.0,0.0,0.0,0.0,0.0,0.0,0.0,0.0,0.0,0.0,0.0,0.0,0.0,0.0,0.0,0.0,0.0,0.0,0.0,0.0,0.0,0.0,0.0,0.0,0.0,0.0,1.0,0.0,0.0,0.0,0.0,0.0,0.0,0.0,0.0,0.0,0.0,0.0,0.0,0.0,0.0,0.0,0.0,0.0,0.0,0.0,0.0,0.0,0.0,0.0,0.0,
176052,Carlos Humberto Metzner Silva,ALMOXARIFADO,25.083212280000005,2023,1,0.3051022760287575,fav_39,-0.9904977633378405,0.6240712049660827,1,0.1144151351343274,1,0.212004,1,0.000627886252584,1,0.5743931478818276,1,Carlos Humberto Metzner Silva,False,9,3,5,2336.9885395758056,0.0,0.0,0.0,0.0,0.0,0.0,0.0,0.0,0.0,0.0,0.0,0.0,0.0,0.0,0.0,0.0,0.0,0.0,0.0,0.0,0.0,0.0,0.0,0.0,0.0,0.0,0.0,0.0,0.0,0.0,0.0,0.0,0.0,0.0,0.0,0.0,0.0,0.0,0.0,1.0,0.0,0.0,0.0,0.0,0.0,0.0,0.0,0.0,0.0,0.0,0.0,0.0,0.0,0.0,0.0,0.0,0.0,0.0,0.0,0.0,0.0,0.0,0.0,0.0,0.0,0.0,0.0,0.0,0.0,0.0,0.0,1.0,0.0,0.0,0.0,0.0,0.0,0.0,0.0,0.0,0.0,0.0,0.0,0.0,0.0,0.0,0.0,0.0,0.0,0.0,0.0,0.0,0.0,0.0,0.0,0.0,
176054,Carlos Humberto Metzner Silva,ALMOXARIFADO,25.083212280000005,2023,1,0.3302129770179541,fav_39,-0.941673822174469,0.6815875235375846,1,0.1325382014229113,1,0.23509821,1,0.0006325415952431,1,0.6012084055766495,1,Carlos Humberto Metzner Silva,False,12,4,6,2336.9885395758056,0.0,0.0,0.0,0.0,0.0,0.0,0.0,0.0,0.0,0.0,0.0,0.0,0.0,0.0,0.0,0.0,0.0,0.0,0.0,0.0,0.0,0.0,0.0,0.0,0.0,0.0,0.0,0.0,0.0,0.0,0.0,0.0,0.0,0.0,0.0,0.0,0.0,0.0,0.0,1.0,0.0,0.0,0.0,0.0,0.0,0.0,0.0,0.0,0.0,0.0,0.0,0.0,0.0,0.0,0.0,0.0,0.0,0.0,0.0,0.0,0.0,0.0,0.0,0.0,0.0,0.0,0.0,0.0,0.0,0.0,0.0,1.0,0.0,0.0,0.0,0.0,0.0,0.0,0.0,0.0,0.0,0.0,0.0,0.0,0.0,0.0,0.0,0.0,0.0,0.0,0.0,0.0,0.0,0.0,0.0,0.0,
176069,Edilson Massocco,ALMOXARIFADO,36.44530344,2023,1,0.3264643596932349,cta_10,-1.1798981608263852,0.7405803373289669,1,0.1310290666340906,1,0.3132437,1,0.0005984442389107,1,0.4468702631113434,1,Edilson Massocco,False,4,2,6,2336.9885395758056,0.0,0.0,0.0,0.0,0.0,0.0,0.0,0.0,0.0,0.0,0.0,0.0,0.0,0.0,0.0,0.0,0.0,0.0,0.0,0.0,0.0,0.0,0.0,0.0,0.0,0.0,0.0,0.0,0.0,0.0,0.0,0.0,0.0,0.0,0.0,0.0,0.0,0.0,0.0,0.0,0.0,0.0,1.0,0.0,0.0,0.0,0.0,0.0,0.0,0.0,0.0,0.0,0.0,0.0,0.0,0.0,0.0,0.0,0.0,0.0,0.0,0.0,0.0,0.0,0.0,0.0,0.0,0.0,0.0,0.0,0.0,0.0,0.0,0.0,1.0,0.0,0.0,0.0,0.0,0.0,0.0,0.0,0.0,0.0,0.0,0.0,0.0,0.0,0.0,0.0,0.0,0.0,0.0,0.0,0.0,0.0,
176074,Edilson Massocco,ALMOXARIFADO,5796.95714388,2023,1,0.3799330720500299,cta_10,-1.1369514090806554,0.947167358219036,1,0.164824570590488,1,0.28069448,1,0.0005991782787345,1,0.5063797684511978,1,Edilson Massocco,False,9,3,5,2336.9885395758056,0.0,0.0,0.0,0.0,0.0,0.0,0.0,0.0,0.0,0.0,0.0,0.0,0.0,0.0,0.0,0.0,0.0,0.0,0.0,0.0,0.0,0.0,0.0,0.0,0.0,0.0,0.0,0.0,0.0,0.0,0.0,0.0,0.0,0.0,0.0,0.0,0.0,0.0,0.0,0.0,0.0,0.0,1.0,0.0,0.0,0.0,0.0,0.0,0.0,0.0,0.0,0.0,0.0,0.0,0.0,0.0,0.0,0.0,0.0,0.0,0.0,0.0,0.0,0.0,0.0,0.0,0.0,0.0,0.0,0.0,0.0,0.0,0.0,0.0,1.0,0.0,0.0,0.0,0.0,0.0,0.0,0.0,0.0,0.0,0.0,0.0,0.0,0.0,0.0,0.0,0.0,0.0,0.0,0.0,0.0,0.0,O valor registrado ficou muito acima do padrão que este parlamentar mantém ao longo do tempo na mesma categoria. Essa diferença em relação ao seu próprio histórico financeiro indica um gasto fora do comportamento habitual. A comparação com os registros anteriores confirma que a despesa se destaca como incomum para esse político.
176077,Edilson Massocco,ALMOXARIFADO,81.57457224000001,2023,1,0.3377462573912478,cta_10,-1.1552805148892462,0.7415787950442024,1,0.1353730668737297,1,0.34239146,1,0.0005998988945158,1,0.4687880650098346,1,Edilson Massocco,False,12,4,6,2336.9885395758056,0.0,0.0,0.0,0.0,0.0,0.0,0.0,0.0,0.0,0.0,0.0,0.0,0.0,0.0,0.0,0.0,0.0,0.0,0.0,0.0,0.0,0.0,0.0,0.0,0.0,0.0,0.0,0.0,0.0,0.0,0.0,0.0,0.0,0.0,0.0,0.0,0.0,0.0,0.0,0.0,0.0,0.0,1.0,0.0,0.0,0.0,0.0,0.0,0.0,0.0,0.0,0.0,0.0,0.0,0.0,0.0,0.0,0.0,0.0,0.0,0.0,0.0,0.0,0.0,0.0,0.0,0.0,0.0,0.0,0.0,0.0,0.0,0.0,0.0,1.0,0.0,0.0,0.0,0.0,0.0,0.0,0.0,0.0,0.0,0.0,0.0,0.0,0.0,0.0,0.0,0.0,0.0,0.0,0.0,0.0,0.0,
176201,Marcos da Rosa,ALMOXARIFADO,3968.57216952,2023,1,0.3256648052300874,cta_3,-0.7767303860459137,0.6170025740187541,1,0.1430971588164996,1,0.27158475,1,0.0006142003588446,1,0.5960253437345371,1,Marcos da Rosa,False,11,4,3,2336.9885395758056,0.0,0.0,0.0,1.0,0.0,0.0,0.0,0.0,0.0,0.0,0.0,0.0,0.0,0.0,0.0,0.0,0.0,0.0,0.0,0.0,0.0,0.0,0.0,0.0,0.0,0.0,0.0,0.0,0.0,0.0,0.0,0.0,0.0,0.0,0.0,0.0,0.0,0.0,0.0,0.0,0.0,0.0,0.0,0.0,0.0,0.0,0.0,0.0,0.0,0.0,0.0,0.0,0.0,0.0,0.0,0.0,0.0,0.0,0.0,0.0,0.0,0.0,0.0,0.0,0.0,0.0,0.0,1.0,0.0,0.0,0.0,0.0,0.0,0.0,0.0,0.0,0.0,0.0,0.0,0.0,0.0,0.0,0.0,0.0,0.0,0.0,0.0,0.0,0.0,0.0,0.0,0.0,0.0,0.0,0.0,0.0,"O gasto registrado foi consideravelmente superior à média que este parlamentar costuma manter na mesma categoria. Essa diferença ocorre porque o histórico de compras e os limites habituais dele são menores, o que torna o valor atual incomum. A anomalia está centrada no perfil de gastos recorrente deste deputado, que normalmente mantém valores bastante abaixo do registrado."
176202,Marcos da Rosa,ALMOXARIFADO,3284.4762736800003,2023,1,0.3503894115036191,cta_3,-0.7855019143862416,0.7145640898763271,1,0.1433494233554222,1,0.28533176,1,0.0006188865438591,1,0.6080829018659458,1,Marcos da Rosa,False,12,4,6,2336.9885395758056,0.0,0.0,0.0,1.0,0.0,0.0,0.0,0.0,0.0,0.0,0.0,0.0,0.0,0.0,0.0,0.0,0.0,0.0,0.0,0.0,0.0,0.0,0.0,0.0,0.0,0.0,0.0,0.0,0.0,0.0,0.0,0.0,0.0,0.0,0.0,0.0,0.0,0.0,0.0,0.0,0.0,0.0,0.0,0.0,0.0,0.0,0.0,0.0,0.0,0.0,0.0,0.0,0.0,0.0,0.0,0.0,0.0,0.0,0.0,0.0,0.0,0.0,0.0,0.0,0.0,0.0,0.0,1.0,0.0,0.0,0.0,0.0,0.0,0.0,0.0,0.0,0.0,0.0,0.0,0.0,0.0,0.0,0.0,0.0,0.0,0.0,0.0,0.0,0.0,0.0,0.0,0.0,0.0,0.0,0.0,0.0,"O valor gasto em material de escritório no período ficou consideravelmente acima da média que o parlamentar normalmente atinge nessa categoria. O principal motivo do desvio está na própria conta dele, cujo padrão de gastos explica a grande maioria da diferença registrada. Assim, a despesa se destaca porque o pico de consumo é característico dele e não por um aumento generalizado na categoria."
176227,Marquito,ALMOXARIFADO,369.11411292,2023,1,0.3210129294110326,cta_11,-1.0176193554989816,0.6082633203871907,1,0.1284550351534614,1,0.28438428,1,0.0006251238646372,1,0.583336887206682,1,Marquito,False,4,2,6,2336.9885395758056,0.0,0.0,0.0,0.0,0.0,0.0,0.0,0.0,0.0,0.0,0.0,0.0,0.0,0.0,0.0,0.0,0.0,0.0,0.0,0.0,0.0,0.0,0.0,0.0,0.0,0.0,0.0,0.0,0.0,0.0,0.0,0.0,0.0,0.0,0.0,0.0,0.0,0.0,0.0,0.0,0.0,0.0,0.0,1.0,0.0,0.0,0.0,0.0,0.0,0.0,0.0,0.0,0.0,0.0,0.0,0.0,0.0,0.0,0.0,0.0,0.0,0.0,0.0,0.0,0.0,0.0,0.0,0.0,0.0,0.0,0.0,0.0,0.0,0.0,0.0,1.0,0.0,0.0,0.0,0.0,0.0,0.0,0.0,0.0,0.0,0.0,0.0,0.0,0.0,0.0,0.0,0.0,0.0,0.0,0.0,0.0,
176233,Marquito,ALMOXARIFADO,51.44280792000001,2023,1,0.3175943298107934,cta_11,-1.0890260078990734,0.5866261883665058,1,0.123433760129893,1,0.2954507,1,0.0006220124104059,1,0.581839000738715,1,Marquito,False,11,4,3,2336.9885395758056,0.0,0.0,0.0,0.0,0.0,0.0,0.0,0.0,0.0,0.0,0.0,0.0,0.0,0.0,0.0,0.0,0.0,0.0,0.0,0.0,0.0,0.0,0.0,0.0,0.0,0.0,0.0,0.0,0.0,0.0,0.0,0.0,0.0,0.0,0.0,0.0,0.0,0.0,0.0,0.0,0.0,0.0,0.0,1.0,0.0,0.0,0.0,0.0,0.0,0.0,0.0,0.0,0.0,0.0,0.0,0.0,0.0,0.0,0.0,0.0,0.0,0.0,0.0,0.0,0.0,0.0,0.0,0.0,0.0,0.0,0.0,0.0,0.0,0.0,0.0,1.0,0.0,0.0,0.0,0.0,0.0,0.0,0.0,0.0,0.0,0.0,0.0,0.0,0.0,0.0,0.0,0.0,0.0,0.0,0.0,0.0,
176234,Marquito,ALMOXARIFADO,77.49470400000001,2023,1,0.3419136318178285,cta_11,-1.082072846662407,0.6744398943725881,1,0.1328118590438038,1,0.29880396,1,0.0006284718455569,1,0.6028839785106501,1,Marquito,False,12,4,6,2336.9885395758056,0.0,0.0,0.0,0.0,0.0,0.0,0.0,0.0,0.0,0.0,0.0,0.0,0.0,0.0,0.0,0.0,0.0,0.0,0.0,0.0,0.0,0.0,0.0,0.0,0.0,0.0,0.0,0.0,0.0,0.0,0.0,0.0,0.0,0.0,0.0,0.0,0.0,0.0,0.0,0.0,0.0,0.0,0.0,1.0,0.0,0.0,0.0,0.0,0.0,0.0,0.0,0.0,0.0,0.0,0.0,0.0,0.0,0.0,0.0,0.0,0.0,0.0,0.0,0.0,0.0,0.0,0.0,0.0,0.0,0.0,0.0,0.0,0.0,0.0,0.0,1.0,0.0,0.0,0.0,0.0,0.0,0.0,0.0,0.0,0.0,0.0,0.0,0.0,0.0,0.0,0.0,0.0,0.0,0.0,0.0,0.0,
176249,Mauricio Peixer,ALMOXARIFADO,82.22416020000001,2023,1,0.2927682673768436,fav_6,-0.8614043354742296,0.6447217222804879,1,0.1165152252223796,1,0.16786611,1,0.0006017519477027,1,0.5341365266319507,1,Mauricio Peixer,False,2,1,1,2336.9885395758056,0.0,0.0,0.0,0.0,0.0,0.0,1.0,0.0,0.0,0.0,0.0,0.0,0.0,0.0,0.0,0.0,0.0,0.0,0.0,0.0,0.0,0.0,0.0,0.0,0.0,0.0,0.0,0.0,0.0,0.0,0.0,0.0,0.0,0.0,0.0,0.0,0.0,0.0,0.0,0.0,0.0,0.0,0.0,0.0,0.0,0.0,0.0,0.0,0.0,0.0,0.0,0.0,0.0,0.0,0.0,0.0,0.0,0.0,0.0,0.0,0.0,0.0,0.0,0.0,0.0,0.0,0.0,0.0,0.0,0.0,1.0,0.0,0.0,0.0,0.0,0.0,0.0,0.0,0.0,0.0,0.0,0.0,0.0,0.0,0.0,0.0,0.0,0.0,0.0,0.0,0.0,0.0,0.0,0.0,0.0,0.0,
176250,Mauricio Peixer,ALMOXARIFADO,356.15654256,2023,1,0.2987709696166911,cta_6,-0.8985017119639264,0.6749960242636485,1,0.116156223995083,1,0.17092577,1,0.0006018546457461,1,0.5311749789493486,1,Mauricio Peixer,False,4,2,6,2336.9885395758056,0.0,0.0,0.0,0.0,0.0,0.0,1.0,0.0,0.0,0.0,0.0,0.0,0.0,0.0,0.0,0.0,0.0,0.0,0.0,0.0,0.0,0.0,0.0,0.0,0.0,0.0,0.0,0.0,0.0,0.0,0.0,0.0,0.0,0.0,0.0,0.0,0.0,0.0,0.0,0.0,0.0,0.0,0.0,0.0,0.0,0.0,0.0,0.0,0.0,0.0,0.0,0.0,0.0,0.0,0.0,0.0,0.0,0.0,0.0,0.0,0.0,0.0,0.0,0.0,0.0,0.0,0.0,0.0,0.0,0.0,1.0,0.0,0.0,0.0,0.0,0.0,0.0,0.0,0.0,0.0,0.0,0.0,0.0,0.0,0.0,0.0,0.0,0.0,0.0,0.0,0.0,0.0,0.0,0.0,0.0,0.0,
176251,Mauricio Peixer,ALMOXARIFADO,95.02218264,2023,1,0.299802206984244,cta_6,-0.8984225306197595,0.6749960242636485,1,0.1179703512468831,1,0.17185123,1,0.0006031570249421,1,0.5335902697378503,1,Mauricio Peixer,False,4,2,6,2336.9885395758056,0.0,0.0,0.0,0.0,0.0,0.0,1.0,0.0,0.0,0.0,0.0,0.0,0.0,0.0,0.0,0.0,0.0,0.0,0.0,0.0,0.0,0.0,0.0,0.0,0.0,0.0,0.0,0.0,0.0,0.0,0.0,0.0,0.0,0.0,0.0,0.0,0.0,0.0,0.0,0.0,0.0,0.0,0.0,0.0,0.0,0.0,0.0,0.0,0.0,0.0,0.0,0.0,0.0,0.0,0.0,0.0,0.0,0.0,0.0,0.0,0.0,0.0,0.0,0.0,0.0,0.0,0.0,0.0,0.0,0.0,1.0,0.0,0.0,0.0,0.0,0.0,0.0,0.0,0.0,0.0,0.0,0.0,0.0,0.0,0.0,0.0,0.0,0.0,0.0,0.0,0.0,0.0,0.0,0.0,0.0,0.0,
176252,Mauricio Peixer,ALMOXARIFADO,78.37221756,2023,1,0.2743289688955869,cta_6,-0.8984935020844292,0.5958117779659492,1,0.1037465744098774,1,0.16028424,1,0.0005972882888415,1,0.5112049677397726,1,Mauricio Peixer,False,5,2,2,2336.9885395758056,0.0,0.0,0.0,0.0,0.0,0.0,1.0,0.0,0.0,0.0,0.0,0.0,0.0,0.0,0.0,0.0,0.0,0.0,0.0,0.0,0.0,0.0,0.0,0.0,0.0,0.0,0.0,0.0,0.0,0.0,0.0,0.0,0.0,0.0,0.0,0.0,0.0,0.0,0.0,0.0,0.0,0.0,0.0,0.0,0.0,0.0,0.0,0.0,0.0,0.0,0.0,0.0,0.0,0.0,0.0,0.0,0.0,0.0,0.0,0.0,0.0,0.0,0.0,0.0,0.0,0.0,0.0,0.0,0.0,0.0,1.0,0.0,0.0,0.0,0.0,0.0,0.0,0.0,0.0,0.0,0.0,0.0,0.0,0.0,0.0,0.0,0.0,0.0,0.0,0.0,0.0,0.0,0.0,0.0,0.0,0.0,
176255,Mauricio Peixer,ALMOXARIFADO,46.519614960000006,2023,1,0.2820694452974309,fav_6,-0.8621591093416694,0.6014775472539792,1,0.1079785468710189,1,0.17818926,1,0.0006024921642332,1,0.5220993774501589,1,Mauricio Peixer,False,7,3,0,2336.9885395758056,0.0,0.0,0.0,0.0,0.0,0.0,1.0,0.0,0.0,0.0,0.0,0.0,0.0,0.0,0.0,0.0,0.0,0.0,0.0,0.0,0.0,0.0,0.0,0.0,0.0,0.0,0.0,0.0,0.0,0.0,0.0,0.0,0.0,0.0,0.0,0.0,0.0,0.0,0.0,0.0,0.0,0.0,0.0,0.0,0.0,0.0,0.0,0.0,0.0,0.0,0.0,0.0,0.0,0.0,0.0,0.0,0.0,0.0,0.0,0.0,0.0,0.0,0.0,0.0,0.0,0.0,0.0,0.0,0.0,0.0,1.0,0.0,0.0,0.0,0.0,0.0,0.0,0.0,0.0,0.0,0.0,0.0,0.0,0.0,0.0,0.0,0.0,0.0,0.0,0.0,0.0,0.0,0.0,0.0,0.0,0.0,
176258,Mauricio Peixer,ALMOXARIFADO,86.21285820000001,2023,1,0.2884448330064444,cta_6,-0.8762273412119975,0.6356810228597908,1,0.1107160684620402,1,0.17294319,1,0.00060012413842,1,0.52228375983179,1,Mauricio Peixer,False,9,3,5,2336.9885395758056,0.0,0.0,0.0,0.0,0.0,0.0,1.0,0.0,0.0,0.0,0.0,0.0,0.0,0.0,0.0,0.0,0.0,0.0,0.0,0.0,0.0,0.0,0.0,0.0,0.0,0.0,0.0,0.0,0.0,0.0,0.0,0.0,0.0,0.0,0.0,0.0,0.0,0.0,0.0,0.0,0.0,0.0,0.0,0.0,0.0,0.0,0.0,0.0,0.0,0.0,0.0,0.0,0.0,0.0,0.0,0.0,0.0,0.0,0.0,0.0,0.0,0.0,0.0,0.0,0.0,0.0,0.0,0.0,0.0,0.0,1.0,0.0,0.0,0.0,0.0,0.0,0.0,0.0,0.0,0.0,0.0,0.0,0.0,0.0,0.0,0.0,0.0,0.0,0.0,0.0,0.0,0.0,0.0,0.0,0.0,0.0,
176259,Mauricio Peixer,ALMOXARIFADO,916.6028004,2023,1,0.2812005307569893,cta_6,-0.8850214793571859,0.5967923136664429,1,0.1129427025182089,1,0.17324755,1,0.0005975680112988,1,0.5224225236314308,1,Mauricio Peixer,False,10,4,1,2336.9885395758056,0.0,0.0,0.0,0.0,0.0,0.0,1.0,0.0,0.0,0.0,0.0,0.0,0.0,0.0,0.0,0.0,0.0,0.0,0.0,0.0,0.0,0.0,0.0,0.0,0.0,0.0,0.0,0.0,0.0,0.0,0.0,0.0,0.0,0.0,0.0,0.0,0.0,0.0,0.0,0.0,0.0,0.0,0.0,0.0,0.0,0.0,0.0,0.0,0.0,0.0,0.0,0.0,0.0,0.0,0.0,0.0,0.0,0.0,0.0,0.0,0.0,0.0,0.0,0.0,0.0,0.0,0.0,0.0,0.0,0.0,1.0,0.0,0.0,0.0,0.0,0.0,0.0,0.0,0.0,0.0,0.0,0.0,0.0,0.0,0.0,0.0,0.0,0.0,0.0,0.0,0.0,0.0,0.0,0.0,0.0,0.0,
176260,Mauricio Peixer,ALMOXARIFADO,237.98851524000003,2023,1,0.320373665191586,cta_6,-0.8866361576983842,0.7337939340379628,1,0.1253268877791882,1,0.19075923,1,0.0006038401275246,1,0.5513844373334522,1,Mauricio Peixer,False,12,4,6,2336.9885395758056,0.0,0.0,0.0,0.0,0.0,0.0,1.0,0.0,0.0,0.0,0.0,0.0,0.0,0.0,0.0,0.0,0.0,0.0,0.0,0.0,0.0,0.0,0.0,0.0,0.0,0.0,0.0,0.0,0.0,0.0,0.0,0.0,0.0,0.0,0.0,0.0,0.0,0.0,0.0,0.0,0.0,0.0,0.0,0.0,0.0,0.0,0.0,0.0,0.0,0.0,0.0,0.0,0.0,0.0,0.0,0.0,0.0,0.0,0.0,0.0,0.0,0.0,0.0,0.0,0.0,0.0,0.0,0.0,0.0,0.0,1.0,0.0,0.0,0.0,0.0,0.0,0.0,0.0,0.0,0.0,0.0,0.0,0.0,0.0,0.0,0.0,0.0,0.0,0.0,0.0,0.0,0.0,0.0,0.0,0.0,0.0,
176282,Napoleão Bernardes,ALMOXARIFADO,16083.76370076,2023,1,0.5431169632651514,cta_19,-1.2585879088825784,1.0,1,0.3846558859104346,1,0.41940215,1,0.0013559231898696,1,0.9101708549255711,1,Napoleão Bernardes,False,12,4,6,2336.9885395758056,0.0,0.0,0.0,0.0,0.0,0.0,0.0,0.0,0.0,0.0,0.0,0.0,0.0,0.0,0.0,0.0,0.0,0.0,0.0,0.0,0.0,0.0,0.0,0.0,0.0,0.0,0.0,0.0,0.0,0.0,0.0,0.0,0.0,0.0,0.0,0.0,0.0,0.0,0.0,0.0,0.0,0.0,0.0,0.0,0.0,0.0,0.0,0.0,0.0,0.0,0.0,1.0,0.0,0.0,0.0,0.0,0.0,0.0,0.0,0.0,0.0,0.0,0.0,0.0,0.0,0.0,0.0,0.0,0.0,0.0,0.0,0.0,0.0,0.0,0.0,0.0,0.0,0.0,0.0,0.0,0.0,0.0,0.0,1.0,0.0,0.0,0.0,0.0,0.0,0.0,0.0,0.0,0.0,0.0,0.0,0.0,"O valor gasto é mais de seis vezes maior que a média histórica desse mesmo político, caracterizando um consumo fora do padrão habitual. Esse desvio extremo torna a despesa estatisticamente incomum, pois não reflete o comportamento de gastos regular observado para ele na mesma categoria. A anomalia está concentrada nesse parlamentar específico, que se destaca como o principal responsável pelo afastamento dos valores esperados."
176296,Oscar Gutz,ALMOXARIFADO,111.35305188,2023,1,0.6735825761945191,cta_24,-1.2450616961370375,0.5858941260910531,1,0.8637880056277987,1,0.9211121,1,0.0012756082886039,1,0.9958430208136198,1,Oscar Gutz,False,3,1,4,2336.9885395758056,0.0,0.0,0.0,0.0,0.0,0.0,0.0,0.0,0.0,0.0,0.0,0.0,0.0,0.0,0.0,0.0,0.0,0.0,0.0,0.0,0.0,0.0,0.0,0.0,1.0,0.0,0.0,0.0,0.0,0.0,0.0,0.0,0.0,0.0,0.0,0.0,0.0,0.0,0.0,0.0,0.0,0.0,0.0,0.0,0.0,0.0,0.0,0.0,0.0,0.0,0.0,0.0,0.0,0.0,0.0,0.0,0.0,0.0,0.0,0.0,0.0,0.0,0.0,0.0,0.0,0.0,0.0,0.0,0.0,0.0,0.0,0.0,0.0,0.0,0.0,0.0,0.0,0.0,0.0,0.0,0.0,0.0,0.0,0.0,0.0,0.0,0.0,0.0,1.0,0.0,0.0,0.0,0.0,0.0,0.0,0.0,"O valor gasto é drasticamente menor que a média histórica do parlamentar para essa mesma categoria de fornecimentos. Essa diferença extrema em relação ao seu padrão anterior de gastos é o principal motivo da anomalia estatística. O comportamento financeiro típico dele aponta para valores significativamente mais altos, tornando este registro atípico."
176376,Zé Caramori,ALMOXARIFADO,195.87926064,2023,1,0.332197646049395,fav_30,-1.1682275456989686,0.7467756898884303,1,0.1302339392980981,1,0.19038972,1,0.0006826365807411,1,0.5929062418940277,1,Zé Caramori,False,9,3,5,2336.9885395758056,0.0,0.0,0.0,0.0,0.0,0.0,0.0,0.0,0.0,0.0,0.0,0.0,0.0,0.0,0.0,0.0,0.0,0.0,0.0,0.0,0.0,0.0,0.0,0.0,0.0,0.0,0.0,0.0,0.0,0.0,1.0,0.0,0.0,0.0,0.0,0.0,0.0,0.0,0.0,0.0,0.0,0.0,0.0,0.0,0.0,0.0,0.0,0.0,0.0,0.0,0.0,0.0,0.0,0.0,0.0,0.0,0.0,0.0,0.0,0.0,0.0,0.0,0.0,0.0,0.0,0.0,0.0,0.0,0.0,0.0,0.0,0.0,0.0,0.0,0.0,0.0,0.0,0.0,0.0,0.0,0.0,0.0,0.0,0.0,0.0,0.0,0.0,0.0,0.0,0.0,0.0,0.0,0.0,0.0,1.0,0.0,
176377,Zé Caramori,ALMOXARIFADO,81.15290988,2023,1,0.3280465057090588,fav_30,-1.175820995796405,0.7193899659840979,1,0.1325019414450609,1,0.1900432,1,0.0006836366719113,1,0.5976137883621085,1,Zé Caramori,False,10,4,1,2336.9885395758056,0.0,0.0,0.0,0.0,0.0,0.0,0.0,0.0,0.0,0.0,0.0,0.0,0.0,0.0,0.0,0.0,0.0,0.0,0.0,0.0,0.0,0.0,0.0,0.0,0.0,0.0,0.0,0.0,0.0,0.0,1.0,0.0,0.0,0.0,0.0,0.0,0.0,0.0,0.0,0.0,0.0,0.0,0.0,0.0,0.0,0.0,0.0,0.0,0.0,0.0,0.0,0.0,0.0,0.0,0.0,0.0,0.0,0.0,0.0,0.0,0.0,0.0,0.0,0.0,0.0,0.0,0.0,0.0,0.0,0.0,0.0,0.0,0.0,0.0,0.0,0.0,0.0,0.0,0.0,0.0,0.0,0.0,0.0,0.0,0.0,0.0,0.0,0.0,0.0,0.0,0.0,0.0,0.0,0.0,1.0,0.0,
190126,Carlos Humberto Metzner Silva,ALMOXARIFADO,2539.81661886,2024,1,0.3144229886664296,fav_39,-0.8688335715464383,0.6125059825491204,1,0.1263102376410789,1,0.24781868,1,0.0006236219366369,1,0.5848564225878342,1,Carlos Humberto Metzner Silva,False,5,2,0,2336.9885395758056,0.0,0.0,0.0,0.0,0.0,0.0,0.0,0.0,0.0,0.0,0.0,0.0,0.0,0.0,0.0,0.0,0.0,0.0,0.0,0.0,0.0,0.0,0.0,0.0,0.0,0.0,0.0,0.0,0.0,0.0,0.0,0.0,0.0,0.0,0.0,0.0,0.0,0.0,0.0,1.0,0.0,0.0,0.0,0.0,0.0,0.0,0.0,0.0,0.0,0.0,0.0,0.0,0.0,0.0,0.0,0.0,0.0,0.0,0.0,0.0,0.0,0.0,0.0,0.0,0.0,0.0,0.0,0.0,0.0,0.0,0.0,1.0,0.0,0.0,0.0,0.0,0.0,0.0,0.0,0.0,0.0,0.0,0.0,0.0,0.0,0.0,0.0,0.0,0.0,0.0,0.0,0.0,0.0,0.0,0.0,0.0,
190154,Marcos da Rosa,ALMOXARIFADO,2539.81661886,2024,1,0.312242949836584,cta_3,-0.7984392294608197,0.5904016677672155,1,0.1323121026207387,1,0.25994784,1,0.0006157489415695,1,0.577937393454318,1,Marcos da Rosa,False,5,2,0,2336.9885395758056,0.0,0.0,0.0,1.0,0.0,0.0,0.0,0.0,0.0,0.0,0.0,0.0,0.0,0.0,0.0,0.0,0.0,0.0,0.0,0.0,0.0,0.0,0.0,0.0,0.0,0.0,0.0,0.0,0.0,0.0,0.0,0.0,0.0,0.0,0.0,0.0,0.0,0.0,0.0,0.0,0.0,0.0,0.0,0.0,0.0,0.0,0.0,0.0,0.0,0.0,0.0,0.0,0.0,0.0,0.0,0.0,0.0,0.0,0.0,0.0,0.0,0.0,0.0,0.0,0.0,0.0,0.0,1.0,0.0,0.0,0.0,0.0,0.0,0.0,0.0,0.0,0.0,0.0,0.0,0.0,0.0,0.0,0.0,0.0,0.0,0.0,0.0,0.0,0.0,0.0,0.0,0.0,0.0,0.0,0.0,0.0,
190192,Alex Brasil,ALMOXARIFADO,34.211225819999996,2024,1,0.4120664081641133,cta_19,-1.360022182335978,0.8051891503236239,1,0.1670906362289617,1,0.5802781,1,0.0016000142850987,1,0.506174141399661,1,Alex Brasil,False,9,3,0,2336.9885395758056,0.0,0.0,0.0,0.0,0.0,0.0,0.0,0.0,0.0,0.0,0.0,0.0,0.0,0.0,0.0,0.0,0.0,0.0,0.0,1.0,0.0,0.0,0.0,0.0,0.0,0.0,0.0,0.0,0.0,0.0,0.0,0.0,0.0,0.0,0.0,0.0,0.0,0.0,0.0,0.0,0.0,0.0,0.0,0.0,0.0,0.0,0.0,0.0,0.0,0.0,0.0,0.0,0.0,0.0,0.0,0.0,0.0,0.0,0.0,0.0,0.0,0.0,0.0,0.0,0.0,0.0,0.0,0.0,0.0,0.0,0.0,0.0,0.0,0.0,0.0,0.0,0.0,0.0,0.0,0.0,0.0,0.0,0.0,1.0,0.0,0.0,0.0,0.0,0.0,0.0,0.0,0.0,0.0,0.0,0.0,0.0,
190193,Alex Brasil,ALMOXARIFADO,99.01361448,2024,1,0.4116458128243312,cta_19,-1.4131762038257698,0.8115903011777814,1,0.1674728145657337,1,0.57250947,1,0.0015987677433313,1,0.5050577130330336,1,Alex Brasil,False,10,4,3,2336.9885395758056,0.0,0.0,0.0,0.0,0.0,0.0,0.0,0.0,0.0,0.0,0.0,0.0,0.0,0.0,0.0,0.0,0.0,0.0,0.0,1.0,0.0,0.0,0.0,0.0,0.0,0.0,0.0,0.0,0.0,0.0,0.0,0.0,0.0,0.0,0.0,0.0,0.0,0.0,0.0,0.0,0.0,0.0,0.0,0.0,0.0,0.0,0.0,0.0,0.0,0.0,0.0,0.0,0.0,0.0,0.0,0.0,0.0,0.0,0.0,0.0,0.0,0.0,0.0,0.0,0.0,0.0,0.0,0.0,0.0,0.0,0.0,0.0,0.0,0.0,0.0,0.0,0.0,0.0,0.0,0.0,0.0,0.0,0.0,1.0,0.0,0.0,0.0,0.0,0.0,0.0,0.0,0.0,0.0,0.0,0.0,0.0,
190218,Ana Paula da Silva (Paulinha),ALMOXARIFADO,4104.94486918,2024,1,0.267419755797617,fav_47,-0.8850896474181809,0.6627614212149264,1,0.0838416153493823,1,0.079759605,1,0.0005840794015712,1,0.5101520577933042,1,Ana Paula da Silva (Paulinha),False,3,1,6,991.8607881507896,0.0,0.0,0.0,0.0,0.0,0.0,0.0,0.0,0.0,0.0,0.0,0.0,0.0,0.0,0.0,0.0,0.0,0.0,0.0,0.0,0.0,0.0,0.0,0.0,0.0,0.0,0.0,0.0,0.0,0.0,0.0,0.0,0.0,0.0,0.0,0.0,0.0,0.0,0.0,0.0,0.0,0.0,0.0,0.0,0.0,0.0,0.0,1.0,0.0,0.0,0.0,0.0,0.0,0.0,0.0,0.0,0.0,0.0,0.0,0.0,0.0,0.0,0.0,0.0,0.0,0.0,0.0,0.0,0.0,0.0,0.0,0.0,0.0,0.0,0.0,0.0,0.0,0.0,0.0,1.0,0.0,0.0,0.0,0.0,0.0,0.0,0.0,0.0,0.0,0.0,0.0,0.0,0.0,0.0,0.0,0.0,
190252,Carlos Humberto Metzner Silva,ALMOXARIFADO,37.863901979999994,2024,1,0.3095884253789647,fav_39,-0.913492263971202,0.607839795525583,1,0.1244952717438701,1,0.22767653,1,0.0006289372809955,1,0.5873015966323614,1,Carlos Humberto Metzner Silva,False,2,1,3,2336.9885395758056,0.0,0.0,0.0,0.0,0.0,0.0,0.0,0.0,0.0,0.0,0.0,0.0,0.0,0.0,0.0,0.0,0.0,0.0,0.0,0.0,0.0,0.0,0.0,0.0,0.0,0.0,0.0,0.0,0.0,0.0,0.0,0.0,0.0,0.0,0.0,0.0,0.0,0.0,0.0,1.0,0.0,0.0,0.0,0.0,0.0,0.0,0.0,0.0,0.0,0.0,0.0,0.0,0.0,0.0,0.0,0.0,0.0,0.0,0.0,0.0,0.0,0.0,0.0,0.0,0.0,0.0,0.0,0.0,0.0,0.0,0.0,1.0,0.0,0.0,0.0,0.0,0.0,0.0,0.0,0.0,0.0,0.0,0.0,0.0,0.0,0.0,0.0,0.0,0.0,0.0,0.0,0.0,0.0,0.0,0.0,0.0,
190253,Carlos Humberto Metzner Silva,ALMOXARIFADO,23.92720306,2024,1,0.3260392501201742,fav_39,-0.8835241137467351,0.6590431305481794,1,0.1315625823468785,1,0.23911373,1,0.0006338779463259,1,0.5998429265870707,1,Carlos Humberto Metzner Silva,False,3,1,6,2336.9885395758056,0.0,0.0,0.0,0.0,0.0,0.0,0.0,0.0,0.0,0.0,0.0,0.0,0.0,0.0,0.0,0.0,0.0,0.0,0.0,0.0,0.0,0.0,0.0,0.0,0.0,0.0,0.0,0.0,0.0,0.0,0.0,0.0,0.0,0.0,0.0,0.0,0.0,0.0,0.0,1.0,0.0,0.0,0.0,0.0,0.0,0.0,0.0,0.0,0.0,0.0,0.0,0.0,0.0,0.0,0.0,0.0,0.0,0.0,0.0,0.0,0.0,0.0,0.0,0.0,0.0,0.0,0.0,0.0,0.0,0.0,0.0,1.0,0.0,0.0,0.0,0.0,0.0,0.0,0.0,0.0,0.0,0.0,0.0,0.0,0.0,0.0,0.0,0.0,0.0,0.0,0.0,0.0,0.0,0.0,0.0,0.0,
190256,Carlos Humberto Metzner Silva,ALMOXARIFADO,911.20137814,2024,1,0.3100080936679854,fav_39,-0.8963650764506174,0.6197514488755743,1,0.1203721707048701,1,0.22772793,1,0.0006273287430376,1,0.581561585298313,1,Carlos Humberto Metzner Silva,False,6,2,6,2336.9885395758056,0.0,0.0,0.0,0.0,0.0,0.0,0.0,0.0,0.0,0.0,0.0,0.0,0.0,0.0,0.0,0.0,0.0,0.0,0.0,0.0,0.0,0.0,0.0,0.0,0.0,0.0,0.0,0.0,0.0,0.0,0.0,0.0,0.0,0.0,0.0,0.0,0.0,0.0,0.0,1.0,0.0,0.0,0.0,0.0,0.0,0.0,0.0,0.0,0.0,0.0,0.0,0.0,0.0,0.0,0.0,0.0,0.0,0.0,0.0,0.0,0.0,0.0,0.0,0.0,0.0,0.0,0.0,0.0,0.0,0.0,0.0,1.0,0.0,0.0,0.0,0.0,0.0,0.0,0.0,0.0,0.0,0.0,0.0,0.0,0.0,0.0,0.0,0.0,0.0,0.0,0.0,0.0,0.0,0.0,0.0,0.0,
190258,Carlos Humberto Metzner Silva,ALMOXARIFADO,90.72986675999998,2024,1,0.3083018426321035,fav_39,-0.9905181211828294,0.6285085357955911,1,0.1164496431514229,1,0.21929705,1,0.0006268887968086,1,0.5766270939869463,1,Carlos Humberto Metzner Silva,False,8,3,5,2336.9885395758056,0.0,0.0,0.0,0.0,0.0,0.0,0.0,0.0,0.0,0.0,0.0,0.0,0.0,0.0,0.0,0.0,0.0,0.0,0.0,0.0,0.0,0.0,0.0,0.0,0.0,0.0,0.0,0.0,0.0,0.0,0.0,0.0,0.0,0.0,0.0,0.0,0.0,0.0,0.0,1.0,0.0,0.0,0.0,0.0,0.0,0.0,0.0,0.0,0.0,0.0,0.0,0.0,0.0,0.0,0.0,0.0,0.0,0.0,0.0,0.0,0.0,0.0,0.0,0.0,0.0,0.0,0.0,0.0,0.0,0.0,0.0,1.0,0.0,0.0,0.0,0.0,0.0,0.0,0.0,0.0,0.0,0.0,0.0,0.0,0.0,0.0,0.0,0.0,0.0,0.0,0.0,0.0,0.0,0.0,0.0,0.0,
190261,Carlos Humberto Metzner Silva,ALMOXARIFADO,1722.0846145999997,2024,1,0.3220106493609381,fav_39,-0.9721108547821558,0.6687237111491584,1,0.1254588753184117,1,0.22569714,1,0.0006233861923313,1,0.5895501292787992,1,Carlos Humberto Metzner Silva,False,11,4,5,2336.9885395758056,0.0,0.0,0.0,0.0,0.0,0.0,0.0,0.0,0.0,0.0,0.0,0.0,0.0,0.0,0.0,0.0,0.0,0.0,0.0,0.0,0.0,0.0,0.0,0.0,0.0,0.0,0.0,0.0,0.0,0.0,0.0,0.0,0.0,0.0,0.0,0.0,0.0,0.0,0.0,1.0,0.0,0.0,0.0,0.0,0.0,0.0,0.0,0.0,0.0,0.0,0.0,0.0,0.0,0.0,0.0,0.0,0.0,0.0,0.0,0.0,0.0,0.0,0.0,0.0,0.0,0.0,0.0,0.0,0.0,0.0,0.0,1.0,0.0,0.0,0.0,0.0,0.0,0.0,0.0,0.0,0.0,0.0,0.0,0.0,0.0,0.0,0.0,0.0,0.0,0.0,0.0,0.0,0.0,0.0,0.0,0.0,
190262,Cleiton Fossá,ALMOXARIFADO,3469.7053491399997,2024,1,0.3501147068574115,cta_10,-1.1886535269959475,0.8772986740318095,1,0.143210436939061,1,0.26926982,1,0.0005934548187755,1,0.4602011444693962,1,Cleiton Fossá,False,6,2,6,2336.9885395758056,0.0,0.0,0.0,0.0,0.0,0.0,0.0,0.0,0.0,0.0,0.0,0.0,0.0,0.0,0.0,0.0,0.0,0.0,0.0,0.0,0.0,0.0,0.0,0.0,0.0,0.0,0.0,0.0,0.0,0.0,0.0,0.0,0.0,0.0,0.0,0.0,0.0,0.0,0.0,0.0,0.0,0.0,1.0,0.0,0.0,0.0,0.0,0.0,0.0,0.0,0.0,0.0,0.0,0.0,0.0,0.0,0.0,0.0,0.0,0.0,0.0,0.0,0.0,0.0,0.0,0.0,0.0,0.0,0.0,0.0,0.0,0.0,0.0,0.0,1.0,0.0,0.0,0.0,0.0,0.0,0.0,0.0,0.0,0.0,0.0,0.0,0.0,0.0,0.0,0.0,0.0,0.0,0.0,0.0,0.0,0.0,"O valor gasto está acima da média que o parlamentar costuma registrar na mesma categoria ao longo do tempo. A análise indica que essa diferença está ligada ao próprio histórico de gastos dele, que registra um aumento consistente em relação à sua média pessoal. Portanto, o valor foge ao padrão esperado para o seu cargo e época."
190267,Delegado Egidio,ALMOXARIFADO,3451.58329212,2024,1,0.3716015788182401,fav_36,-0.8249319265137135,0.6211245796209919,1,0.1826062929496521,1,0.4475598,1,0.0006333540380639,1,0.6060838637582037,1,Delegado Egidio,False,3,1,6,2336.9885395758056,0.0,0.0,0.0,0.0,0.0,0.0,0.0,0.0,0.0,0.0,0.0,0.0,0.0,0.0,0.0,0.0,0.0,0.0,0.0,0.0,0.0,0.0,0.0,0.0,0.0,0.0,0.0,0.0,0.0,0.0,0.0,0.0,0.0,0.0,0.0,0.0,1.0,0.0,0.0,0.0,0.0,0.0,0.0,0.0,0.0,0.0,0.0,0.0,0.0,0.0,0.0,0.0,0.0,0.0,0.0,0.0,0.0,0.0,0.0,0.0,0.0,0.0,0.0,0.0,0.0,0.0,0.0,0.0,1.0,0.0,0.0,0.0,0.0,0.0,0.0,0.0,0.0,0.0,0.0,0.0,0.0,0.0,0.0,0.0,0.0,0.0,0.0,0.0,0.0,0.0,0.0,0.0,0.0,0.0,0.0,0.0,"O valor gasto se afasta consideravelmente da média histórica do parlamentar, caracterizando um padrão de consumo fora do habitual. A anomalia é gerada pelo beneficiário específico, que utiliza essa categoria de maneira distinta da maioria dos colegas em períodos semelhantes. Essa divergência no comportamento de gasto torna a despesa atípica e exige confirmação quanto à regularidade da aplicação dos recursos."
190274,Edilson Massocco,ALMOXARIFADO,99.97026775999998,2024,1,0.3261385166948042,cta_10,-1.2147654234945748,0.7156196043368753,1,0.1293969101878697,1,0.33654386,1,0.0005975754233468,1,0.4485346354746293,1,Edilson Massocco,False,2,1,3,2336.9885395758056,0.0,0.0,0.0,0.0,0.0,0.0,0.0,0.0,0.0,0.0,0.0,0.0,0.0,0.0,0.0,0.0,0.0,0.0,0.0,0.0,0.0,0.0,0.0,0.0,0.0,0.0,0.0,0.0,0.0,0.0,0.0,0.0,0.0,0.0,0.0,0.0,0.0,0.0,0.0,0.0,0.0,0.0,1.0,0.0,0.0,0.0,0.0,0.0,0.0,0.0,0.0,0.0,0.0,0.0,0.0,0.0,0.0,0.0,0.0,0.0,0.0,0.0,0.0,0.0,0.0,0.0,0.0,0.0,0.0,0.0,0.0,0.0,0.0,0.0,1.0,0.0,0.0,0.0,0.0,0.0,0.0,0.0,0.0,0.0,0.0,0.0,0.0,0.0,0.0,0.0,0.0,0.0,0.0,0.0,0.0,0.0,
190275,Edilson Massocco,ALMOXARIFADO,87.43593558,2024,1,0.3420099051816591,cta_10,-1.1673994804148515,0.7936214152071039,1,0.1359952350302614,1,0.31299305,1,0.0006025753850615,1,0.4668372506642866,1,Edilson Massocco,False,3,1,6,2336.9885395758056,0.0,0.0,0.0,0.0,0.0,0.0,0.0,0.0,0.0,0.0,0.0,0.0,0.0,0.0,0.0,0.0,0.0,0.0,0.0,0.0,0.0,0.0,0.0,0.0,0.0,0.0,0.0,0.0,0.0,0.0,0.0,0.0,0.0,0.0,0.0,0.0,0.0,0.0,0.0,0.0,0.0,0.0,1.0,0.0,0.0,0.0,0.0,0.0,0.0,0.0,0.0,0.0,0.0,0.0,0.0,0.0,0.0,0.0,0.0,0.0,0.0,0.0,0.0,0.0,0.0,0.0,0.0,0.0,0.0,0.0,0.0,0.0,0.0,0.0,1.0,0.0,0.0,0.0,0.0,0.0,0.0,0.0,0.0,0.0,0.0,0.0,0.0,0.0,0.0,0.0,0.0,0.0,0.0,0.0,0.0,0.0,
190278,Edilson Massocco,ALMOXARIFADO,2681.58611232,2024,1,0.3436817359877356,cta_10,-1.1886535269959475,0.8630726020435155,1,0.1367489027868697,1,0.26914376,1,0.0005926917896083,1,0.4488507231143695,1,Edilson Massocco,False,6,2,6,2336.9885395758056,0.0,0.0,0.0,0.0,0.0,0.0,0.0,0.0,0.0,0.0,0.0,0.0,0.0,0.0,0.0,0.0,0.0,0.0,0.0,0.0,0.0,0.0,0.0,0.0,0.0,0.0,0.0,0.0,0.0,0.0,0.0,0.0,0.0,0.0,0.0,0.0,0.0,0.0,0.0,0.0,0.0,0.0,1.0,0.0,0.0,0.0,0.0,0.0,0.0,0.0,0.0,0.0,0.0,0.0,0.0,0.0,0.0,0.0,0.0,0.0,0.0,0.0,0.0,0.0,0.0,0.0,0.0,0.0,0.0,0.0,0.0,0.0,0.0,0.0,1.0,0.0,0.0,0.0,0.0,0.0,0.0,0.0,0.0,0.0,0.0,0.0,0.0,0.0,0.0,0.0,0.0,0.0,0.0,0.0,0.0,0.0,"O gasto é estatisticamente anômalo porque o comportamento de compras deste parlamentar neste tipo de despesa se afasta consistentemente do padrão esperado, conforme indicado pelo fator de identificação do representante. Isso significa que a rotina de gastos dele segue um padrão diferente da média histórica, e não uma variação pontual por causa do mês ou da categoria. A intensidade calculada confirma que o desvio é característico do próprio parlamentar, e não do período ou item adquirido."
190281,Edilson Massocco,ALMOXARIFADO,13.045272,2024,1,0.326894453875432,cta_10,-1.1559042909258626,0.7031907687721027,1,0.1339278368650483,1,0.33772895,1,0.0005984584041581,1,0.4590262579348045,1,Edilson Massocco,False,11,4,5,2336.9885395758056,0.0,0.0,0.0,0.0,0.0,0.0,0.0,0.0,0.0,0.0,0.0,0.0,0.0,0.0,0.0,0.0,0.0,0.0,0.0,0.0,0.0,0.0,0.0,0.0,0.0,0.0,0.0,0.0,0.0,0.0,0.0,0.0,0.0,0.0,0.0,0.0,0.0,0.0,0.0,0.0,0.0,0.0,1.0,0.0,0.0,0.0,0.0,0.0,0.0,0.0,0.0,0.0,0.0,0.0,0.0,0.0,0.0,0.0,0.0,0.0,0.0,0.0,0.0,0.0,0.0,0.0,0.0,0.0,0.0,0.0,0.0,0.0,0.0,0.0,1.0,0.0,0.0,0.0,0.0,0.0,0.0,0.0,0.0,0.0,0.0,0.0,0.0,0.0,0.0,0.0,0.0,0.0,0.0,0.0,0.0,0.0,
190283,Emerson Stein,ALMOXARIFADO,3726.4906574,2024,1,0.374477044778806,fav_36,-0.8246828395762319,0.6211245796209919,1,0.1856814531821969,1,0.45507294,1,0.0006339394663246,1,0.609872312228612,1,Emerson Stein,False,3,1,6,2336.9885395758056,0.0,0.0,0.0,0.0,0.0,0.0,0.0,0.0,0.0,0.0,0.0,0.0,0.0,0.0,0.0,0.0,0.0,0.0,0.0,0.0,0.0,0.0,0.0,0.0,0.0,0.0,0.0,0.0,0.0,0.0,0.0,0.0,0.0,0.0,0.0,0.0,1.0,0.0,0.0,0.0,0.0,0.0,0.0,0.0,0.0,0.0,0.0,0.0,0.0,0.0,0.0,0.0,0.0,0.0,0.0,0.0,0.0,0.0,0.0,0.0,0.0,0.0,0.0,0.0,0.0,0.0,0.0,0.0,1.0,0.0,0.0,0.0,0.0,0.0,0.0,0.0,0.0,0.0,0.0,0.0,0.0,0.0,0.0,0.0,0.0,0.0,0.0,0.0,0.0,0.0,0.0,0.0,0.0,0.0,0.0,0.0,"O valor gasto se distancia claramente do comportamento histórico desse parlamentar nessa categoria, ficando substancialmente acima do que ele costuma registrar. Essa diferença fora do padrão usual caracteriza um consumo atípico, que é o critério para identificar a anomalia estatística."
190331,Jessé de Faria Lopes,ALMOXARIFADO,1728.0093422999998,2024,1,0.24872378508622,cta_1,-1.0459544009886617,0.642321130201242,1,0.0704131107053033,1,0.04343424,1,0.0005675102623239,1,0.4868829343382767,1,Jessé de Faria Lopes,False,3,1,6,192.914720088,0.0,0.0,0.0,0.0,0.0,0.0,0.0,0.0,0.0,0.0,0.0,0.0,0.0,0.0,0.0,0.0,0.0,0.0,0.0,0.0,0.0,0.0,0.0,0.0,0.0,0.0,0.0,0.0,0.0,0.0,0.0,0.0,0.0,1.0,0.0,0.0,0.0,0.0,0.0,0.0,0.0,0.0,0.0,0.0,0.0,0.0,0.0,0.0,0.0,0.0,0.0,0.0,0.0,0.0,0.0,0.0,0.0,0.0,0.0,0.0,0.0,0.0,0.0,0.0,0.0,1.0,0.0,0.0,0.0,0.0,0.0,0.0,0.0,0.0,0.0,0.0,0.0,0.0,0.0,0.0,0.0,0.0,0.0,0.0,0.0,0.0,0.0,0.0,0.0,0.0,0.0,0.0,0.0,0.0,0.0,0.0,
190389,Marcos da Rosa,ALMOXARIFADO,2767.1522255799996,2024,1,0.3254476806528571,cta_3,-0.8165258183387027,0.6438252627345254,1,0.1318148621338995,1,0.2651485,1,0.0006140405468533,1,0.585835747181664,1,Marcos da Rosa,False,2,1,3,2336.9885395758056,0.0,0.0,0.0,1.0,0.0,0.0,0.0,0.0,0.0,0.0,0.0,0.0,0.0,0.0,0.0,0.0,0.0,0.0,0.0,0.0,0.0,0.0,0.0,0.0,0.0,0.0,0.0,0.0,0.0,0.0,0.0,0.0,0.0,0.0,0.0,0.0,0.0,0.0,0.0,0.0,0.0,0.0,0.0,0.0,0.0,0.0,0.0,0.0,0.0,0.0,0.0,0.0,0.0,0.0,0.0,0.0,0.0,0.0,0.0,0.0,0.0,0.0,0.0,0.0,0.0,0.0,0.0,1.0,0.0,0.0,0.0,0.0,0.0,0.0,0.0,0.0,0.0,0.0,0.0,0.0,0.0,0.0,0.0,0.0,0.0,0.0,0.0,0.0,0.0,0.0,0.0,0.0,0.0,0.0,0.0,0.0,
190390,Marcos da Rosa,ALMOXARIFADO,95.62184376,2024,1,0.3296640827695779,cta_3,-0.7948619298206072,0.6486050754248831,1,0.1306334394745834,1,0.26927817,1,0.0006257428941823,1,0.5991779873759571,1,Marcos da Rosa,False,3,1,6,2336.9885395758056,0.0,0.0,0.0,1.0,0.0,0.0,0.0,0.0,0.0,0.0,0.0,0.0,0.0,0.0,0.0,0.0,0.0,0.0,0.0,0.0,0.0,0.0,0.0,0.0,0.0,0.0,0.0,0.0,0.0,0.0,0.0,0.0,0.0,0.0,0.0,0.0,0.0,0.0,0.0,0.0,0.0,0.0,0.0,0.0,0.0,0.0,0.0,0.0,0.0,0.0,0.0,0.0,0.0,0.0,0.0,0.0,0.0,0.0,0.0,0.0,0.0,0.0,0.0,0.0,0.0,0.0,0.0,1.0,0.0,0.0,0.0,0.0,0.0,0.0,0.0,0.0,0.0,0.0,0.0,0.0,0.0,0.0,0.0,0.0,0.0,0.0,0.0,0.0,0.0,0.0,0.0,0.0,0.0,0.0,0.0,0.0,
190398,Marcos da Rosa,ALMOXARIFADO,483.13164852,2024,1,0.3138329779567412,fav_3,-0.7946385494327288,0.5855548339704499,1,0.1236583951146251,1,0.2694133,1,0.0006194004046782,1,0.5899189678859633,1,Marcos da Rosa,False,11,4,5,2336.9885395758056,0.0,0.0,0.0,1.0,0.0,0.0,0.0,0.0,0.0,0.0,0.0,0.0,0.0,0.0,0.0,0.0,0.0,0.0,0.0,0.0,0.0,0.0,0.0,0.0,0.0,0.0,0.0,0.0,0.0,0.0,0.0,0.0,0.0,0.0,0.0,0.0,0.0,0.0,0.0,0.0,0.0,0.0,0.0,0.0,0.0,0.0,0.0,0.0,0.0,0.0,0.0,0.0,0.0,0.0,0.0,0.0,0.0,0.0,0.0,0.0,0.0,0.0,0.0,0.0,0.0,0.0,0.0,1.0,0.0,0.0,0.0,0.0,0.0,0.0,0.0,0.0,0.0,0.0,0.0,0.0,0.0,0.0,0.0,0.0,0.0,0.0,0.0,0.0,0.0,0.0,0.0,0.0,0.0,0.0,0.0,0.0,
190421,Marquito,ALMOXARIFADO,28.438692959999997,2024,1,0.3272121292483871,cta_11,-1.0450496364877704,0.5995318220824326,1,0.1303390596880481,1,0.31164297,1,0.0006286725473465,1,0.5939181173090112,1,Marquito,False,1,1,2,2336.9885395758056,0.0,0.0,0.0,0.0,0.0,0.0,0.0,0.0,0.0,0.0,0.0,0.0,0.0,0.0,0.0,0.0,0.0,0.0,0.0,0.0,0.0,0.0,0.0,0.0,0.0,0.0,0.0,0.0,0.0,0.0,0.0,0.0,0.0,0.0,0.0,0.0,0.0,0.0,0.0,0.0,0.0,0.0,0.0,1.0,0.0,0.0,0.0,0.0,0.0,0.0,0.0,0.0,0.0,0.0,0.0,0.0,0.0,0.0,0.0,0.0,0.0,0.0,0.0,0.0,0.0,0.0,0.0,0.0,0.0,0.0,0.0,0.0,0.0,0.0,0.0,1.0,0.0,0.0,0.0,0.0,0.0,0.0,0.0,0.0,0.0,0.0,0.0,0.0,0.0,0.0,0.0,0.0,0.0,0.0,0.0,0.0,
190423,Marquito,ALMOXARIFADO,97.4590529,2024,1,0.3365373689892199,cta_11,-1.0308425900168323,0.6488733837000489,1,0.1349890130208619,1,0.29672468,1,0.00063052798886,1,0.6014692431504524,1,Marquito,False,3,1,6,2336.9885395758056,0.0,0.0,0.0,0.0,0.0,0.0,0.0,0.0,0.0,0.0,0.0,0.0,0.0,0.0,0.0,0.0,0.0,0.0,0.0,0.0,0.0,0.0,0.0,0.0,0.0,0.0,0.0,0.0,0.0,0.0,0.0,0.0,0.0,0.0,0.0,0.0,0.0,0.0,0.0,0.0,0.0,0.0,0.0,1.0,0.0,0.0,0.0,0.0,0.0,0.0,0.0,0.0,0.0,0.0,0.0,0.0,0.0,0.0,0.0,0.0,0.0,0.0,0.0,0.0,0.0,0.0,0.0,0.0,0.0,0.0,0.0,0.0,0.0,0.0,0.0,1.0,0.0,0.0,0.0,0.0,0.0,0.0,0.0,0.0,0.0,0.0,0.0,0.0,0.0,0.0,0.0,0.0,0.0,0.0,0.0,0.0,
190425,Marquito,ALMOXARIFADO,3403.728886,2024,1,0.3302573938079874,cta_11,-1.0200322854067143,0.6013384699729117,1,0.1424887901889648,1,0.32462433,1,0.0006164580686763,1,0.5822189210040102,1,Marquito,False,5,2,4,2336.9885395758056,0.0,0.0,0.0,0.0,0.0,0.0,0.0,0.0,0.0,0.0,0.0,0.0,0.0,0.0,0.0,0.0,0.0,0.0,0.0,0.0,0.0,0.0,0.0,0.0,0.0,0.0,0.0,0.0,0.0,0.0,0.0,0.0,0.0,0.0,0.0,0.0,0.0,0.0,0.0,0.0,0.0,0.0,0.0,1.0,0.0,0.0,0.0,0.0,0.0,0.0,0.0,0.0,0.0,0.0,0.0,0.0,0.0,0.0,0.0,0.0,0.0,0.0,0.0,0.0,0.0,0.0,0.0,0.0,0.0,0.0,0.0,0.0,0.0,0.0,0.0,1.0,0.0,0.0,0.0,0.0,0.0,0.0,0.0,0.0,0.0,0.0,0.0,0.0,0.0,0.0,0.0,0.0,0.0,0.0,0.0,0.0,O valor gasto ficou acima da média histórica de compras deste parlamentar para esta categoria. Esse afastamento em relação ao seu próprio padrão de gastos gera um sinal estatístico incomum para o seu perfil histórico.
190426,Marquito,ALMOXARIFADO,131.59418129999997,2024,1,0.3244900768800243,cta_11,-1.0137505769065924,0.6025894167231024,1,0.1313002693111504,1,0.30041805,1,0.0006279204715391,1,0.5875147287972684,1,Marquito,False,6,2,6,2336.9885395758056,0.0,0.0,0.0,0.0,0.0,0.0,0.0,0.0,0.0,0.0,0.0,0.0,0.0,0.0,0.0,0.0,0.0,0.0,0.0,0.0,0.0,0.0,0.0,0.0,0.0,0.0,0.0,0.0,0.0,0.0,0.0,0.0,0.0,0.0,0.0,0.0,0.0,0.0,0.0,0.0,0.0,0.0,0.0,1.0,0.0,0.0,0.0,0.0,0.0,0.0,0.0,0.0,0.0,0.0,0.0,0.0,0.0,0.0,0.0,0.0,0.0,0.0,0.0,0.0,0.0,0.0,0.0,0.0,0.0,0.0,0.0,0.0,0.0,0.0,0.0,1.0,0.0,0.0,0.0,0.0,0.0,0.0,0.0,0.0,0.0,0.0,0.0,0.0,0.0,0.0,0.0,0.0,0.0,0.0,0.0,0.0,
190428,Marquito,ALMOXARIFADO,93.62156872,2024,1,0.3227725120029571,cta_11,-1.063620291772544,0.5964996066032184,1,0.1274650066244982,1,0.3098878,1,0.0006236643088448,1,0.5793864858378281,1,Marquito,False,8,3,5,2336.9885395758056,0.0,0.0,0.0,0.0,0.0,0.0,0.0,0.0,0.0,0.0,0.0,0.0,0.0,0.0,0.0,0.0,0.0,0.0,0.0,0.0,0.0,0.0,0.0,0.0,0.0,0.0,0.0,0.0,0.0,0.0,0.0,0.0,0.0,0.0,0.0,0.0,0.0,0.0,0.0,0.0,0.0,0.0,0.0,1.0,0.0,0.0,0.0,0.0,0.0,0.0,0.0,0.0,0.0,0.0,0.0,0.0,0.0,0.0,0.0,0.0,0.0,0.0,0.0,0.0,0.0,0.0,0.0,0.0,0.0,0.0,0.0,0.0,0.0,0.0,0.0,1.0,0.0,0.0,0.0,0.0,0.0,0.0,0.0,0.0,0.0,0.0,0.0,0.0,0.0,0.0,0.0,0.0,0.0,0.0,0.0,0.0,
190441,Mauricio Peixer,ALMOXARIFADO,65.19374681999999,2024,1,0.2891137905200675,fav_6,-0.8648327894062676,0.6283805539957952,1,0.1170231851223511,1,0.16376993,1,0.0006024565864027,1,0.5357928262946687,1,Mauricio Peixer,False,2,1,3,2336.9885395758056,0.0,0.0,0.0,0.0,0.0,0.0,1.0,0.0,0.0,0.0,0.0,0.0,0.0,0.0,0.0,0.0,0.0,0.0,0.0,0.0,0.0,0.0,0.0,0.0,0.0,0.0,0.0,0.0,0.0,0.0,0.0,0.0,0.0,0.0,0.0,0.0,0.0,0.0,0.0,0.0,0.0,0.0,0.0,0.0,0.0,0.0,0.0,0.0,0.0,0.0,0.0,0.0,0.0,0.0,0.0,0.0,0.0,0.0,0.0,0.0,0.0,0.0,0.0,0.0,0.0,0.0,0.0,0.0,0.0,0.0,1.0,0.0,0.0,0.0,0.0,0.0,0.0,0.0,0.0,0.0,0.0,0.0,0.0,0.0,0.0,0.0,0.0,0.0,0.0,0.0,0.0,0.0,0.0,0.0,0.0,0.0,
190442,Mauricio Peixer,ALMOXARIFADO,169.18630677999997,2024,1,0.3154471403600463,fav_6,-0.8600699468691799,0.7188542309545808,1,0.1247974585567551,1,0.18239732,1,0.0006068111234456,1,0.5505798802988651,1,Mauricio Peixer,False,3,1,6,2336.9885395758056,0.0,0.0,0.0,0.0,0.0,0.0,1.0,0.0,0.0,0.0,0.0,0.0,0.0,0.0,0.0,0.0,0.0,0.0,0.0,0.0,0.0,0.0,0.0,0.0,0.0,0.0,0.0,0.0,0.0,0.0,0.0,0.0,0.0,0.0,0.0,0.0,0.0,0.0,0.0,0.0,0.0,0.0,0.0,0.0,0.0,0.0,0.0,0.0,0.0,0.0,0.0,0.0,0.0,0.0,0.0,0.0,0.0,0.0,0.0,0.0,0.0,0.0,0.0,0.0,0.0,0.0,0.0,0.0,0.0,0.0,1.0,0.0,0.0,0.0,0.0,0.0,0.0,0.0,0.0,0.0,0.0,0.0,0.0,0.0,0.0,0.0,0.0,0.0,0.0,0.0,0.0,0.0,0.0,0.0,0.0,0.0,
190443,Mauricio Peixer,ALMOXARIFADO,16.40442954,2024,1,0.2868706740720207,cta_6,-0.897560047552155,0.6310308900976457,1,0.110064334242829,1,0.16835682,1,0.0006039829329835,1,0.5242973421456741,1,Mauricio Peixer,False,4,2,1,2336.9885395758056,0.0,0.0,0.0,0.0,0.0,0.0,1.0,0.0,0.0,0.0,0.0,0.0,0.0,0.0,0.0,0.0,0.0,0.0,0.0,0.0,0.0,0.0,0.0,0.0,0.0,0.0,0.0,0.0,0.0,0.0,0.0,0.0,0.0,0.0,0.0,0.0,0.0,0.0,0.0,0.0,0.0,0.0,0.0,0.0,0.0,0.0,0.0,0.0,0.0,0.0,0.0,0.0,0.0,0.0,0.0,0.0,0.0,0.0,0.0,0.0,0.0,0.0,0.0,0.0,0.0,0.0,0.0,0.0,0.0,0.0,1.0,0.0,0.0,0.0,0.0,0.0,0.0,0.0,0.0,0.0,0.0,0.0,0.0,0.0,0.0,0.0,0.0,0.0,0.0,0.0,0.0,0.0,0.0,0.0,0.0,0.0,
190444,Mauricio Peixer,ALMOXARIFADO,1730.0748437,2024,1,0.299888283619631,cta_6,-0.8923733816980176,0.6740112219160609,1,0.1175358109404145,1,0.17795108,1,0.0005983969665155,1,0.5293449056879219,1,Mauricio Peixer,False,6,2,6,2336.9885395758056,0.0,0.0,0.0,0.0,0.0,0.0,1.0,0.0,0.0,0.0,0.0,0.0,0.0,0.0,0.0,0.0,0.0,0.0,0.0,0.0,0.0,0.0,0.0,0.0,0.0,0.0,0.0,0.0,0.0,0.0,0.0,0.0,0.0,0.0,0.0,0.0,0.0,0.0,0.0,0.0,0.0,0.0,0.0,0.0,0.0,0.0,0.0,0.0,0.0,0.0,0.0,0.0,0.0,0.0,0.0,0.0,0.0,0.0,0.0,0.0,0.0,0.0,0.0,0.0,0.0,0.0,0.0,0.0,0.0,0.0,1.0,0.0,0.0,0.0,0.0,0.0,0.0,0.0,0.0,0.0,0.0,0.0,0.0,0.0,0.0,0.0,0.0,0.0,0.0,0.0,0.0,0.0,0.0,0.0,0.0,0.0,
190488,Oscar Gutz,ALMOXARIFADO,296.80168011999996,2024,1,0.6759777225553052,cta_24,-1.1757875180470587,0.624322703013586,1,0.8643457810650441,1,0.8908668,1,0.0012805287355144,1,0.999072783918528,1,Oscar Gutz,False,3,1,6,2336.9885395758056,0.0,0.0,0.0,0.0,0.0,0.0,0.0,0.0,0.0,0.0,0.0,0.0,0.0,0.0,0.0,0.0,0.0,0.0,0.0,0.0,0.0,0.0,0.0,0.0,1.0,0.0,0.0,0.0,0.0,0.0,0.0,0.0,0.0,0.0,0.0,0.0,0.0,0.0,0.0,0.0,0.0,0.0,0.0,0.0,0.0,0.0,0.0,0.0,0.0,0.0,0.0,0.0,0.0,0.0,0.0,0.0,0.0,0.0,0.0,0.0,0.0,0.0,0.0,0.0,0.0,0.0,0.0,0.0,0.0,0.0,0.0,0.0,0.0,0.0,0.0,0.0,0.0,0.0,0.0,0.0,0.0,0.0,0.0,0.0,0.0,0.0,0.0,0.0,1.0,0.0,0.0,0.0,0.0,0.0,0.0,0.0,"O valor gasto está muito abaixo do que o próprio parlamentar costuma registrar na mesma categoria, o que quebra o padrão histórico dele. Esse comportamento é considerado incomum porque a análise identifica a identidade dele como o fator central que gera essa diferença fora do esperado. Por isso, a despesa se destaca estatisticamente por não seguir a média pessoal de gastos que ele normalmente mantém."
190494,Oscar Gutz,ALMOXARIFADO,223.33505664,2024,1,0.6888473042893903,cta_24,-1.3315901677223243,0.6179638870323784,1,0.8631706406222438,1,0.9658315,1,0.0012807244959386,1,0.9959897511231732,1,Oscar Gutz,False,12,4,1,2336.9885395758056,0.0,0.0,0.0,0.0,0.0,0.0,0.0,0.0,0.0,0.0,0.0,0.0,0.0,0.0,0.0,0.0,0.0,0.0,0.0,0.0,0.0,0.0,0.0,0.0,1.0,0.0,0.0,0.0,0.0,0.0,0.0,0.0,0.0,0.0,0.0,0.0,0.0,0.0,0.0,0.0,0.0,0.0,0.0,0.0,0.0,0.0,0.0,0.0,0.0,0.0,0.0,0.0,0.0,0.0,0.0,0.0,0.0,0.0,0.0,0.0,0.0,0.0,0.0,0.0,0.0,0.0,0.0,0.0,0.0,0.0,0.0,0.0,0.0,0.0,0.0,0.0,0.0,0.0,0.0,0.0,0.0,0.0,0.0,0.0,0.0,0.0,0.0,0.0,1.0,0.0,0.0,0.0,0.0,0.0,0.0,0.0,"O valor registrado está drasticamente abaixo do padrão que este parlamentar costuma seguir para essa mesma categoria de despesas. Essa diferença tão grande em relação ao seu próprio histórico torna o lançamento estatisticamente incomum. A variação extrema está diretamente ligada à identidade do político, cuja forma de utilização desses recursos mudou significativamente neste período."
190526,Rodrigo Preis,ALMOXARIFADO,33.178475119999995,2024,1,0.6010097425044603,fav_41,-1.1152467759248212,0.6338577019176221,1,0.7628013141451568,1,0.6409821,1,0.0011066468652499,1,0.9663009581674232,1,Rodrigo Preis,False,6,2,6,2336.9885395758056,0.0,0.0,0.0,0.0,0.0,0.0,0.0,0.0,0.0,0.0,0.0,0.0,0.0,0.0,0.0,0.0,0.0,0.0,0.0,0.0,0.0,0.0,0.0,0.0,0.0,0.0,0.0,0.0,0.0,0.0,0.0,0.0,0.0,0.0,0.0,0.0,0.0,0.0,0.0,0.0,0.0,1.0,0.0,0.0,0.0,0.0,0.0,0.0,0.0,0.0,0.0,0.0,0.0,0.0,0.0,0.0,0.0,0.0,0.0,0.0,0.0,0.0,0.0,0.0,0.0,0.0,0.0,0.0,0.0,0.0,0.0,0.0,0.0,1.0,0.0,0.0,0.0,0.0,0.0,0.0,0.0,0.0,0.0,0.0,0.0,0.0,0.0,0.0,0.0,0.0,0.0,0.0,0.0,0.0,0.0,0.0,
204176,Carlos Humberto Metzner Silva,ALMOXARIFADO,2419.7681952,2025,1,0.3306217809773645,fav_39,-0.901304899009635,0.6787235224197171,1,0.1313354924183138,1,0.2501819,1,0.0006262150004641,1,0.5922417616724729,1,Carlos Humberto Metzner Silva,False,6,2,6,2336.9885395758056,0.0,0.0,0.0,0.0,0.0,0.0,0.0,0.0,0.0,0.0,0.0,0.0,0.0,0.0,0.0,0.0,0.0,0.0,0.0,0.0,0.0,0.0,0.0,0.0,0.0,0.0,0.0,0.0,0.0,0.0,0.0,0.0,0.0,0.0,0.0,0.0,0.0,0.0,0.0,1.0,0.0,0.0,0.0,0.0,0.0,0.0,0.0,0.0,0.0,0.0,0.0,0.0,0.0,0.0,0.0,0.0,0.0,0.0,0.0,0.0,0.0,0.0,0.0,0.0,0.0,0.0,0.0,0.0,0.0,0.0,0.0,1.0,0.0,0.0,0.0,0.0,0.0,0.0,0.0,0.0,0.0,0.0,0.0,0.0,0.0,0.0,0.0,0.0,0.0,0.0,0.0,0.0,0.0,0.0,0.0,0.0,
204208,Marquito,ALMOXARIFADO,624.3352271999998,2025,1,0.3270988822039855,cta_11,-1.0137111636961589,0.6025894167231024,1,0.1340346192977172,1,0.30782172,1,0.0006282730379573,1,0.5904203811226039,1,Marquito,False,6,2,6,2336.9885395758056,0.0,0.0,0.0,0.0,0.0,0.0,0.0,0.0,0.0,0.0,0.0,0.0,0.0,0.0,0.0,0.0,0.0,0.0,0.0,0.0,0.0,0.0,0.0,0.0,0.0,0.0,0.0,0.0,0.0,0.0,0.0,0.0,0.0,0.0,0.0,0.0,0.0,0.0,0.0,0.0,0.0,0.0,0.0,1.0,0.0,0.0,0.0,0.0,0.0,0.0,0.0,0.0,0.0,0.0,0.0,0.0,0.0,0.0,0.0,0.0,0.0,0.0,0.0,0.0,0.0,0.0,0.0,0.0,0.0,0.0,0.0,0.0,0.0,0.0,0.0,1.0,0.0,0.0,0.0,0.0,0.0,0.0,0.0,0.0,0.0,0.0,0.0,0.0,0.0,0.0,0.0,0.0,0.0,0.0,0.0,0.0,
204212,Mauricio Peixer,ALMOXARIFADO,963.403056,2025,1,0.2770107210338226,cta_6,-0.9002699940529547,0.5876287757948339,1,0.1065221857505499,1,0.17273559,1,0.0005990994639571,1,0.5175679573973438,1,Mauricio Peixer,False,5,2,2,2336.9885395758056,0.0,0.0,0.0,0.0,0.0,0.0,1.0,0.0,0.0,0.0,0.0,0.0,0.0,0.0,0.0,0.0,0.0,0.0,0.0,0.0,0.0,0.0,0.0,0.0,0.0,0.0,0.0,0.0,0.0,0.0,0.0,0.0,0.0,0.0,0.0,0.0,0.0,0.0,0.0,0.0,0.0,0.0,0.0,0.0,0.0,0.0,0.0,0.0,0.0,0.0,0.0,0.0,0.0,0.0,0.0,0.0,0.0,0.0,0.0,0.0,0.0,0.0,0.0,0.0,0.0,0.0,0.0,0.0,0.0,0.0,1.0,0.0,0.0,0.0,0.0,0.0,0.0,0.0,0.0,0.0,0.0,0.0,0.0,0.0,0.0,0.0,0.0,0.0,0.0,0.0,0.0,0.0,0.0,0.0,0.0,0.0,
204236,Alex Brasil,ALMOXARIFADO,370.2428844,2025,1,0.4177645200939446,cta_19,-1.3560254622271564,0.8614357613910127,1,0.1745346511014383,1,0.5273938,1,0.001604513068832,1,0.5238538570068288,1,Alex Brasil,False,1,1,4,2336.9885395758056,0.0,0.0,0.0,0.0,0.0,0.0,0.0,0.0,0.0,0.0,0.0,0.0,0.0,0.0,0.0,0.0,0.0,0.0,0.0,1.0,0.0,0.0,0.0,0.0,0.0,0.0,0.0,0.0,0.0,0.0,0.0,0.0,0.0,0.0,0.0,0.0,0.0,0.0,0.0,0.0,0.0,0.0,0.0,0.0,0.0,0.0,0.0,0.0,0.0,0.0,0.0,0.0,0.0,0.0,0.0,0.0,0.0,0.0,0.0,0.0,0.0,0.0,0.0,0.0,0.0,0.0,0.0,0.0,0.0,0.0,0.0,0.0,0.0,0.0,0.0,0.0,0.0,0.0,0.0,0.0,0.0,0.0,0.0,1.0,0.0,0.0,0.0,0.0,0.0,0.0,0.0,0.0,0.0,0.0,0.0,0.0,
204237,Alex Brasil,ALMOXARIFADO,65.85339504,2025,1,0.4133734470824896,cta_19,-1.3434092419262325,0.8521070611419154,1,0.1732603065308436,1,0.5184868,1,0.0016047532191884,1,0.5214083167108995,1,Alex Brasil,False,2,1,4,2336.9885395758056,0.0,0.0,0.0,0.0,0.0,0.0,0.0,0.0,0.0,0.0,0.0,0.0,0.0,0.0,0.0,0.0,0.0,0.0,0.0,1.0,0.0,0.0,0.0,0.0,0.0,0.0,0.0,0.0,0.0,0.0,0.0,0.0,0.0,0.0,0.0,0.0,0.0,0.0,0.0,0.0,0.0,0.0,0.0,0.0,0.0,0.0,0.0,0.0,0.0,0.0,0.0,0.0,0.0,0.0,0.0,0.0,0.0,0.0,0.0,0.0,0.0,0.0,0.0,0.0,0.0,0.0,0.0,0.0,0.0,0.0,0.0,0.0,0.0,0.0,0.0,0.0,0.0,0.0,0.0,0.0,0.0,0.0,0.0,1.0,0.0,0.0,0.0,0.0,0.0,0.0,0.0,0.0,0.0,0.0,0.0,0.0,
204238,Alex Brasil,ALMOXARIFADO,12.511727999999998,2025,1,0.4232885632277665,cta_19,-1.3086332051547938,0.8460269635223964,1,0.1757632818732124,1,0.56631154,1,0.0016051066915236,1,0.5267359258322483,1,Alex Brasil,False,3,1,0,2336.9885395758056,0.0,0.0,0.0,0.0,0.0,0.0,0.0,0.0,0.0,0.0,0.0,0.0,0.0,0.0,0.0,0.0,0.0,0.0,0.0,1.0,0.0,0.0,0.0,0.0,0.0,0.0,0.0,0.0,0.0,0.0,0.0,0.0,0.0,0.0,0.0,0.0,0.0,0.0,0.0,0.0,0.0,0.0,0.0,0.0,0.0,0.0,0.0,0.0,0.0,0.0,0.0,0.0,0.0,0.0,0.0,0.0,0.0,0.0,0.0,0.0,0.0,0.0,0.0,0.0,0.0,0.0,0.0,0.0,0.0,0.0,0.0,0.0,0.0,0.0,0.0,0.0,0.0,0.0,0.0,0.0,0.0,0.0,0.0,1.0,0.0,0.0,0.0,0.0,0.0,0.0,0.0,0.0,0.0,0.0,0.0,0.0,
204239,Alex Brasil,ALMOXARIFADO,80.46083748,2025,1,0.4094489081478832,cta_19,-1.3876811433891032,0.8089504720161035,1,0.1695362787215753,1,0.56581265,1,0.0015998836683411,1,0.5013452589907147,1,Alex Brasil,False,4,2,2,2336.9885395758056,0.0,0.0,0.0,0.0,0.0,0.0,0.0,0.0,0.0,0.0,0.0,0.0,0.0,0.0,0.0,0.0,0.0,0.0,0.0,1.0,0.0,0.0,0.0,0.0,0.0,0.0,0.0,0.0,0.0,0.0,0.0,0.0,0.0,0.0,0.0,0.0,0.0,0.0,0.0,0.0,0.0,0.0,0.0,0.0,0.0,0.0,0.0,0.0,0.0,0.0,0.0,0.0,0.0,0.0,0.0,0.0,0.0,0.0,0.0,0.0,0.0,0.0,0.0,0.0,0.0,0.0,0.0,0.0,0.0,0.0,0.0,0.0,0.0,0.0,0.0,0.0,0.0,0.0,0.0,0.0,0.0,0.0,0.0,1.0,0.0,0.0,0.0,0.0,0.0,0.0,0.0,0.0,0.0,0.0,0.0,0.0,
204240,Alex Brasil,ALMOXARIFADO,2710.63459188,2025,1,0.4238055863466939,cta_19,-1.384882535190388,0.8950923114088437,1,0.1816632895559667,1,0.532957,1,0.0015981657203186,1,0.5077171476266186,1,Alex Brasil,False,5,2,5,2336.9885395758056,0.0,0.0,0.0,0.0,0.0,0.0,0.0,0.0,0.0,0.0,0.0,0.0,0.0,0.0,0.0,0.0,0.0,0.0,0.0,1.0,0.0,0.0,0.0,0.0,0.0,0.0,0.0,0.0,0.0,0.0,0.0,0.0,0.0,0.0,0.0,0.0,0.0,0.0,0.0,0.0,0.0,0.0,0.0,0.0,0.0,0.0,0.0,0.0,0.0,0.0,0.0,0.0,0.0,0.0,0.0,0.0,0.0,0.0,0.0,0.0,0.0,0.0,0.0,0.0,0.0,0.0,0.0,0.0,0.0,0.0,0.0,0.0,0.0,0.0,0.0,0.0,0.0,0.0,0.0,0.0,0.0,0.0,0.0,1.0,0.0,0.0,0.0,0.0,0.0,0.0,0.0,0.0,0.0,0.0,0.0,0.0,"Esta despesa é considerada anômala porque o valor gasto ultrapassa o padrão histórico de consumo do próprio parlamentar para essa categoria específica. A análise indica que a identidade do deputado é o principal fator da divergência, já que ele geralmente registra valores menores com esse tipo de material. Portanto, o registro atual se afasta claramente do comportamento esperado com base no seu histórico pessoal de compras."
204241,Alex Brasil,ALMOXARIFADO,965.39450604,2025,1,0.4127480930704662,cta_19,-1.4178599211600351,0.8222465878417574,1,0.1724480250842196,1,0.5641257,1,0.0015988856772511,1,0.5033212500628542,1,Alex Brasil,False,6,2,0,2336.9885395758056,0.0,0.0,0.0,0.0,0.0,0.0,0.0,0.0,0.0,0.0,0.0,0.0,0.0,0.0,0.0,0.0,0.0,0.0,0.0,1.0,0.0,0.0,0.0,0.0,0.0,0.0,0.0,0.0,0.0,0.0,0.0,0.0,0.0,0.0,0.0,0.0,0.0,0.0,0.0,0.0,0.0,0.0,0.0,0.0,0.0,0.0,0.0,0.0,0.0,0.0,0.0,0.0,0.0,0.0,0.0,0.0,0.0,0.0,0.0,0.0,0.0,0.0,0.0,0.0,0.0,0.0,0.0,0.0,0.0,0.0,0.0,0.0,0.0,0.0,0.0,0.0,0.0,0.0,0.0,0.0,0.0,0.0,0.0,1.0,0.0,0.0,0.0,0.0,0.0,0.0,0.0,0.0,0.0,0.0,0.0,0.0,"O valor registrado é consideravelmente inferior à média histórica de gastos deste mesmo parlamentar com a mesma categoria, caracterizando um desvio atípico em seu padrão de consumo. A identificação do parlamentar como principal fator confirma que a anomalia está na diferença em relação ao seu comportamento financeiro habitual, e não na natureza da despesa."
204242,Alex Brasil,ALMOXARIFADO,1.1990405999999998,2025,1,0.4062559355271374,cta_19,-1.374026392956835,0.7635364549410149,1,0.16899649604037,1,0.5991853,1,0.0016033903906229,1,0.4979580483112563,1,Alex Brasil,False,7,3,3,2336.9885395758056,0.0,0.0,0.0,0.0,0.0,0.0,0.0,0.0,0.0,0.0,0.0,0.0,0.0,0.0,0.0,0.0,0.0,0.0,0.0,1.0,0.0,0.0,0.0,0.0,0.0,0.0,0.0,0.0,0.0,0.0,0.0,0.0,0.0,0.0,0.0,0.0,0.0,0.0,0.0,0.0,0.0,0.0,0.0,0.0,0.0,0.0,0.0,0.0,0.0,0.0,0.0,0.0,0.0,0.0,0.0,0.0,0.0,0.0,0.0,0.0,0.0,0.0,0.0,0.0,0.0,0.0,0.0,0.0,0.0,0.0,0.0,0.0,0.0,0.0,0.0,0.0,0.0,0.0,0.0,0.0,0.0,0.0,0.0,1.0,0.0,0.0,0.0,0.0,0.0,0.0,0.0,0.0,0.0,0.0,0.0,0.0,
204243,Alex Brasil,ALMOXARIFADO,117.29744999999998,2025,1,0.4270599331428992,cta_19,-1.3789754535055796,0.8715444863113869,1,0.1758823085288477,1,0.56759363,1,0.0016134673169957,1,0.5186657694286954,1,Alex Brasil,False,8,3,6,2336.9885395758056,0.0,0.0,0.0,0.0,0.0,0.0,0.0,0.0,0.0,0.0,0.0,0.0,0.0,0.0,0.0,0.0,0.0,0.0,0.0,1.0,0.0,0.0,0.0,0.0,0.0,0.0,0.0,0.0,0.0,0.0,0.0,0.0,0.0,0.0,0.0,0.0,0.0,0.0,0.0,0.0,0.0,0.0,0.0,0.0,0.0,0.0,0.0,0.0,0.0,0.0,0.0,0.0,0.0,0.0,0.0,0.0,0.0,0.0,0.0,0.0,0.0,0.0,0.0,0.0,0.0,0.0,0.0,0.0,0.0,0.0,0.0,0.0,0.0,0.0,0.0,0.0,0.0,0.0,0.0,0.0,0.0,0.0,0.0,1.0,0.0,0.0,0.0,0.0,0.0,0.0,0.0,0.0,0.0,0.0,0.0,0.0,
204244,Alex Brasil,ALMOXARIFADO,25.774159679999997,2025,1,0.4137016249454552,cta_19,-1.339114627338039,0.7980432346165793,1,0.1676172293051036,1,0.5959399,1,0.0016066012898319,1,0.5053011848667133,1,Alex Brasil,False,9,3,1,2336.9885395758056,0.0,0.0,0.0,0.0,0.0,0.0,0.0,0.0,0.0,0.0,0.0,0.0,0.0,0.0,0.0,0.0,0.0,0.0,0.0,1.0,0.0,0.0,0.0,0.0,0.0,0.0,0.0,0.0,0.0,0.0,0.0,0.0,0.0,0.0,0.0,0.0,0.0,0.0,0.0,0.0,0.0,0.0,0.0,0.0,0.0,0.0,0.0,0.0,0.0,0.0,0.0,0.0,0.0,0.0,0.0,0.0,0.0,0.0,0.0,0.0,0.0,0.0,0.0,0.0,0.0,0.0,0.0,0.0,0.0,0.0,0.0,0.0,0.0,0.0,0.0,0.0,0.0,0.0,0.0,0.0,0.0,0.0,0.0,1.0,0.0,0.0,0.0,0.0,0.0,0.0,0.0,0.0,0.0,0.0,0.0,0.0,
204245,Alex Brasil,ALMOXARIFADO,81.5347608,2025,1,0.4523406014048879,cta_19,-1.3667277852238189,0.9432333420160638,1,0.1791159574955294,1,0.6011278,1,0.0016175520143121,1,0.5366083521728813,1,Alex Brasil,False,11,4,6,2336.9885395758056,0.0,0.0,0.0,0.0,0.0,0.0,0.0,0.0,0.0,0.0,0.0,0.0,0.0,0.0,0.0,0.0,0.0,0.0,0.0,1.0,0.0,0.0,0.0,0.0,0.0,0.0,0.0,0.0,0.0,0.0,0.0,0.0,0.0,0.0,0.0,0.0,0.0,0.0,0.0,0.0,0.0,0.0,0.0,0.0,0.0,0.0,0.0,0.0,0.0,0.0,0.0,0.0,0.0,0.0,0.0,0.0,0.0,0.0,0.0,0.0,0.0,0.0,0.0,0.0,0.0,0.0,0.0,0.0,0.0,0.0,0.0,0.0,0.0,0.0,0.0,0.0,0.0,0.0,0.0,0.0,0.0,0.0,0.0,1.0,0.0,0.0,0.0,0.0,0.0,0.0,0.0,0.0,0.0,0.0,0.0,0.0,
204306,Carlos Humberto Metzner Silva,ALMOXARIFADO,207.4340238,2025,1,0.3110194373809105,fav_39,-0.9134894692572524,0.5928354607928387,1,0.1303175598693899,1,0.23791006,1,0.0006303633178595,1,0.5934037408498032,1,Carlos Humberto Metzner Silva,False,2,1,4,2336.9885395758056,0.0,0.0,0.0,0.0,0.0,0.0,0.0,0.0,0.0,0.0,0.0,0.0,0.0,0.0,0.0,0.0,0.0,0.0,0.0,0.0,0.0,0.0,0.0,0.0,0.0,0.0,0.0,0.0,0.0,0.0,0.0,0.0,0.0,0.0,0.0,0.0,0.0,0.0,0.0,1.0,0.0,0.0,0.0,0.0,0.0,0.0,0.0,0.0,0.0,0.0,0.0,0.0,0.0,0.0,0.0,0.0,0.0,0.0,0.0,0.0,0.0,0.0,0.0,0.0,0.0,0.0,0.0,0.0,0.0,0.0,0.0,1.0,0.0,0.0,0.0,0.0,0.0,0.0,0.0,0.0,0.0,0.0,0.0,0.0,0.0,0.0,0.0,0.0,0.0,0.0,0.0,0.0,0.0,0.0,0.0,0.0,
204307,Carlos Humberto Metzner Silva,ALMOXARIFADO,60.36908759999999,2025,1,0.3194398072568803,fav_39,-0.8522587795983166,0.6126279234273824,1,0.1321455476425803,1,0.25107285,1,0.0006384358205532,1,0.6007142755902514,1,Carlos Humberto Metzner Silva,False,3,1,0,2336.9885395758056,0.0,0.0,0.0,0.0,0.0,0.0,0.0,0.0,0.0,0.0,0.0,0.0,0.0,0.0,0.0,0.0,0.0,0.0,0.0,0.0,0.0,0.0,0.0,0.0,0.0,0.0,0.0,0.0,0.0,0.0,0.0,0.0,0.0,0.0,0.0,0.0,0.0,0.0,0.0,1.0,0.0,0.0,0.0,0.0,0.0,0.0,0.0,0.0,0.0,0.0,0.0,0.0,0.0,0.0,0.0,0.0,0.0,0.0,0.0,0.0,0.0,0.0,0.0,0.0,0.0,0.0,0.0,0.0,0.0,0.0,0.0,1.0,0.0,0.0,0.0,0.0,0.0,0.0,0.0,0.0,0.0,0.0,0.0,0.0,0.0,0.0,0.0,0.0,0.0,0.0,0.0,0.0,0.0,0.0,0.0,0.0,
204309,Carlos Humberto Metzner Silva,ALMOXARIFADO,48.77488632,2025,1,0.3103007744799522,fav_39,-0.9344801335578836,0.6127294050551055,1,0.1224116648501225,1,0.23278582,1,0.0006295024496582,1,0.5829474790838762,1,Carlos Humberto Metzner Silva,False,5,2,5,2336.9885395758056,0.0,0.0,0.0,0.0,0.0,0.0,0.0,0.0,0.0,0.0,0.0,0.0,0.0,0.0,0.0,0.0,0.0,0.0,0.0,0.0,0.0,0.0,0.0,0.0,0.0,0.0,0.0,0.0,0.0,0.0,0.0,0.0,0.0,0.0,0.0,0.0,0.0,0.0,0.0,1.0,0.0,0.0,0.0,0.0,0.0,0.0,0.0,0.0,0.0,0.0,0.0,0.0,0.0,0.0,0.0,0.0,0.0,0.0,0.0,0.0,0.0,0.0,0.0,0.0,0.0,0.0,0.0,0.0,0.0,0.0,0.0,1.0,0.0,0.0,0.0,0.0,0.0,0.0,0.0,0.0,0.0,0.0,0.0,0.0,0.0,0.0,0.0,0.0,0.0,0.0,0.0,0.0,0.0,0.0,0.0,0.0,
204310,Carlos Humberto Metzner Silva,ALMOXARIFADO,2467.27105584,2025,1,0.3132232698835689,fav_39,-0.8688185644656115,0.5930088730424048,1,0.1289295712218736,1,0.25533366,1,0.0006282913210092,1,0.5882159517994757,1,Carlos Humberto Metzner Silva,False,6,2,0,2336.9885395758056,0.0,0.0,0.0,0.0,0.0,0.0,0.0,0.0,0.0,0.0,0.0,0.0,0.0,0.0,0.0,0.0,0.0,0.0,0.0,0.0,0.0,0.0,0.0,0.0,0.0,0.0,0.0,0.0,0.0,0.0,0.0,0.0,0.0,0.0,0.0,0.0,0.0,0.0,0.0,1.0,0.0,0.0,0.0,0.0,0.0,0.0,0.0,0.0,0.0,0.0,0.0,0.0,0.0,0.0,0.0,0.0,0.0,0.0,0.0,0.0,0.0,0.0,0.0,0.0,0.0,0.0,0.0,0.0,0.0,0.0,0.0,1.0,0.0,0.0,0.0,0.0,0.0,0.0,0.0,0.0,0.0,0.0,0.0,0.0,0.0,0.0,0.0,0.0,0.0,0.0,0.0,0.0,0.0,0.0,0.0,0.0,
204311,Carlos Humberto Metzner Silva,ALMOXARIFADO,176.26939463999997,2025,1,0.3186647550857974,fav_39,-0.9563666983079036,0.6442377923294151,1,0.1251377808635862,1,0.23339187,1,0.0006305093352058,1,0.5899258268128661,1,Carlos Humberto Metzner Silva,False,8,3,6,2336.9885395758056,0.0,0.0,0.0,0.0,0.0,0.0,0.0,0.0,0.0,0.0,0.0,0.0,0.0,0.0,0.0,0.0,0.0,0.0,0.0,0.0,0.0,0.0,0.0,0.0,0.0,0.0,0.0,0.0,0.0,0.0,0.0,0.0,0.0,0.0,0.0,0.0,0.0,0.0,0.0,1.0,0.0,0.0,0.0,0.0,0.0,0.0,0.0,0.0,0.0,0.0,0.0,0.0,0.0,0.0,0.0,0.0,0.0,0.0,0.0,0.0,0.0,0.0,0.0,0.0,0.0,0.0,0.0,0.0,0.0,0.0,0.0,1.0,0.0,0.0,0.0,0.0,0.0,0.0,0.0,0.0,0.0,0.0,0.0,0.0,0.0,0.0,0.0,0.0,0.0,0.0,0.0,0.0,0.0,0.0,0.0,0.0,
204314,Carlos Humberto Metzner Silva,ALMOXARIFADO,25.774159679999997,2025,1,0.3330299429320023,fav_39,-0.9418526740277104,0.6771568641348948,1,0.1362058722607182,1,0.24511957,1,0.0006333699327891,1,0.6060340366458185,1,Carlos Humberto Metzner Silva,False,11,4,6,2336.9885395758056,0.0,0.0,0.0,0.0,0.0,0.0,0.0,0.0,0.0,0.0,0.0,0.0,0.0,0.0,0.0,0.0,0.0,0.0,0.0,0.0,0.0,0.0,0.0,0.0,0.0,0.0,0.0,0.0,0.0,0.0,0.0,0.0,0.0,0.0,0.0,0.0,0.0,0.0,0.0,1.0,0.0,0.0,0.0,0.0,0.0,0.0,0.0,0.0,0.0,0.0,0.0,0.0,0.0,0.0,0.0,0.0,0.0,0.0,0.0,0.0,0.0,0.0,0.0,0.0,0.0,0.0,0.0,0.0,0.0,0.0,0.0,1.0,0.0,0.0,0.0,0.0,0.0,0.0,0.0,0.0,0.0,0.0,0.0,0.0,0.0,0.0,0.0,0.0,0.0,0.0,0.0,0.0,0.0,0.0,0.0,0.0,
204315,Carlos Humberto Metzner Silva,ALMOXARIFADO,2572.9117459199997,2025,1,0.3238246475787766,fav_39,-0.9290310927861848,0.6363158552115296,1,0.1355812491603539,1,0.24885194,1,0.0006270397555203,1,0.597747153730659,1,Carlos Humberto Metzner Silva,False,12,4,2,2336.9885395758056,0.0,0.0,0.0,0.0,0.0,0.0,0.0,0.0,0.0,0.0,0.0,0.0,0.0,0.0,0.0,0.0,0.0,0.0,0.0,0.0,0.0,0.0,0.0,0.0,0.0,0.0,0.0,0.0,0.0,0.0,0.0,0.0,0.0,0.0,0.0,0.0,0.0,0.0,0.0,1.0,0.0,0.0,0.0,0.0,0.0,0.0,0.0,0.0,0.0,0.0,0.0,0.0,0.0,0.0,0.0,0.0,0.0,0.0,0.0,0.0,0.0,0.0,0.0,0.0,0.0,0.0,0.0,0.0,0.0,0.0,0.0,1.0,0.0,0.0,0.0,0.0,0.0,0.0,0.0,0.0,0.0,0.0,0.0,0.0,0.0,0.0,0.0,0.0,0.0,0.0,0.0,0.0,0.0,0.0,0.0,0.0,
204360,Jessé de Faria Lopes,ALMOXARIFADO,63.72640127999999,2025,1,0.2527122434098466,cta_1,-1.0516745945619816,0.6641955063775021,1,0.0638912322039349,1,0.04028086,1,0.000566902453796,1,0.4946267160965981,1,Jessé de Faria Lopes,False,11,4,6,192.914720088,0.0,0.0,0.0,0.0,0.0,0.0,0.0,0.0,0.0,0.0,0.0,0.0,0.0,0.0,0.0,0.0,0.0,0.0,0.0,0.0,0.0,0.0,0.0,0.0,0.0,0.0,0.0,0.0,0.0,0.0,0.0,0.0,0.0,1.0,0.0,0.0,0.0,0.0,0.0,0.0,0.0,0.0,0.0,0.0,0.0,0.0,0.0,0.0,0.0,0.0,0.0,0.0,0.0,0.0,0.0,0.0,0.0,0.0,0.0,0.0,0.0,0.0,0.0,0.0,0.0,1.0,0.0,0.0,0.0,0.0,0.0,0.0,0.0,0.0,0.0,0.0,0.0,0.0,0.0,0.0,0.0,0.0,0.0,0.0,0.0,0.0,0.0,0.0,0.0,0.0,0.0,0.0,0.0,0.0,0.0,0.0,
204424,Marcos da Rosa,ALMOXARIFADO,926.74369296,2025,1,0.3138605240755588,cta_3,-0.7856685613667919,0.5861639733422523,1,0.1323541873721547,1,0.25727364,1,0.0006262544078529,1,0.5928845610466261,1,Marcos da Rosa,False,3,1,0,2336.9885395758056,0.0,0.0,0.0,1.0,0.0,0.0,0.0,0.0,0.0,0.0,0.0,0.0,0.0,0.0,0.0,0.0,0.0,0.0,0.0,0.0,0.0,0.0,0.0,0.0,0.0,0.0,0.0,0.0,0.0,0.0,0.0,0.0,0.0,0.0,0.0,0.0,0.0,0.0,0.0,0.0,0.0,0.0,0.0,0.0,0.0,0.0,0.0,0.0,0.0,0.0,0.0,0.0,0.0,0.0,0.0,0.0,0.0,0.0,0.0,0.0,0.0,0.0,0.0,0.0,0.0,0.0,0.0,1.0,0.0,0.0,0.0,0.0,0.0,0.0,0.0,0.0,0.0,0.0,0.0,0.0,0.0,0.0,0.0,0.0,0.0,0.0,0.0,0.0,0.0,0.0,0.0,0.0,0.0,0.0,0.0,0.0,
204432,Marcos da Rosa,ALMOXARIFADO,5958.62704848,2025,1,0.4057951048155805,cta_3,-0.7855019143862416,0.8516611663738772,1,0.1857520518775071,1,0.32502064,1,0.0006333777154395,1,0.6659082870225933,1,Marcos da Rosa,False,11,4,6,2336.9885395758056,0.0,0.0,0.0,1.0,0.0,0.0,0.0,0.0,0.0,0.0,0.0,0.0,0.0,0.0,0.0,0.0,0.0,0.0,0.0,0.0,0.0,0.0,0.0,0.0,0.0,0.0,0.0,0.0,0.0,0.0,0.0,0.0,0.0,0.0,0.0,0.0,0.0,0.0,0.0,0.0,0.0,0.0,0.0,0.0,0.0,0.0,0.0,0.0,0.0,0.0,0.0,0.0,0.0,0.0,0.0,0.0,0.0,0.0,0.0,0.0,0.0,0.0,0.0,0.0,0.0,0.0,0.0,1.0,0.0,0.0,0.0,0.0,0.0,0.0,0.0,0.0,0.0,0.0,0.0,0.0,0.0,0.0,0.0,0.0,0.0,0.0,0.0,0.0,0.0,0.0,0.0,0.0,0.0,0.0,0.0,0.0,"O valor gasto ultrapassa largamente o padrão que este parlamentar registra habitualmente para essa mesma categoria de verba. Essa divergência é considerada anômala porque segue um comportamento consistente de consumo fora do esperado, vinculado especificamente a esse deputado e não a flutuações normais de uso. Assim, a despesa se destaca por romper claramente a média histórica de seus próprios gastos."
204455,Marquito,ALMOXARIFADO,804.41027244,2025,1,0.338750164593424,cta_11,-1.0492804234699271,0.6113644343476697,1,0.134967253984532,1,0.34936193,1,0.000632304492062,1,0.5974249038256414,1,Marquito,False,3,1,0,2336.9885395758056,0.0,0.0,0.0,0.0,0.0,0.0,0.0,0.0,0.0,0.0,0.0,0.0,0.0,0.0,0.0,0.0,0.0,0.0,0.0,0.0,0.0,0.0,0.0,0.0,0.0,0.0,0.0,0.0,0.0,0.0,0.0,0.0,0.0,0.0,0.0,0.0,0.0,0.0,0.0,0.0,0.0,0.0,0.0,1.0,0.0,0.0,0.0,0.0,0.0,0.0,0.0,0.0,0.0,0.0,0.0,0.0,0.0,0.0,0.0,0.0,0.0,0.0,0.0,0.0,0.0,0.0,0.0,0.0,0.0,0.0,0.0,0.0,0.0,0.0,0.0,1.0,0.0,0.0,0.0,0.0,0.0,0.0,0.0,0.0,0.0,0.0,0.0,0.0,0.0,0.0,0.0,0.0,0.0,0.0,0.0,0.0,
204457,Marquito,ALMOXARIFADO,79.69970735999999,2025,1,0.3231755710397024,cta_11,-1.0263595539536836,0.5877745094901138,1,0.1316029288150839,1,0.30968627,1,0.0006270571738332,1,0.5861870863830708,1,Marquito,False,5,2,5,2336.9885395758056,0.0,0.0,0.0,0.0,0.0,0.0,0.0,0.0,0.0,0.0,0.0,0.0,0.0,0.0,0.0,0.0,0.0,0.0,0.0,0.0,0.0,0.0,0.0,0.0,0.0,0.0,0.0,0.0,0.0,0.0,0.0,0.0,0.0,0.0,0.0,0.0,0.0,0.0,0.0,0.0,0.0,0.0,0.0,1.0,0.0,0.0,0.0,0.0,0.0,0.0,0.0,0.0,0.0,0.0,0.0,0.0,0.0,0.0,0.0,0.0,0.0,0.0,0.0,0.0,0.0,0.0,0.0,0.0,0.0,0.0,0.0,0.0,0.0,0.0,0.0,1.0,0.0,0.0,0.0,0.0,0.0,0.0,0.0,0.0,0.0,0.0,0.0,0.0,0.0,0.0,0.0,0.0,0.0,0.0,0.0,0.0,
204460,Marquito,ALMOXARIFADO,2615.4724739999997,2025,1,0.3504223521902273,cta_11,-1.0509823275902914,0.6840577670704152,1,0.1412298004533976,1,0.33174294,1,0.0006219335956285,1,0.594459317498474,1,Marquito,False,8,3,6,2336.9885395758056,0.0,0.0,0.0,0.0,0.0,0.0,0.0,0.0,0.0,0.0,0.0,0.0,0.0,0.0,0.0,0.0,0.0,0.0,0.0,0.0,0.0,0.0,0.0,0.0,0.0,0.0,0.0,0.0,0.0,0.0,0.0,0.0,0.0,0.0,0.0,0.0,0.0,0.0,0.0,0.0,0.0,0.0,0.0,1.0,0.0,0.0,0.0,0.0,0.0,0.0,0.0,0.0,0.0,0.0,0.0,0.0,0.0,0.0,0.0,0.0,0.0,0.0,0.0,0.0,0.0,0.0,0.0,0.0,0.0,0.0,0.0,0.0,0.0,0.0,0.0,1.0,0.0,0.0,0.0,0.0,0.0,0.0,0.0,0.0,0.0,0.0,0.0,0.0,0.0,0.0,0.0,0.0,0.0,0.0,0.0,0.0,"O gasto registrado está acima do nível que essa pessoa costuma atingir na mesma categoria ao longo do tempo. A diferença é atribuída ao próprio perfil de consumo do parlamentar, tornando o valor mensuravelmente fora do padrão dele. Esse desvio individual é o motivo pelo qual o registro é considerado estatisticamente incomum."
204463,Marquito,ALMOXARIFADO,99.63506064,2025,1,0.346738562460559,cta_11,-1.0772378033642145,0.6670341956098143,1,0.1390544457519434,1,0.3173506,1,0.0006307860104878,1,0.6096227887410508,1,Marquito,False,11,4,6,2336.9885395758056,0.0,0.0,0.0,0.0,0.0,0.0,0.0,0.0,0.0,0.0,0.0,0.0,0.0,0.0,0.0,0.0,0.0,0.0,0.0,0.0,0.0,0.0,0.0,0.0,0.0,0.0,0.0,0.0,0.0,0.0,0.0,0.0,0.0,0.0,0.0,0.0,0.0,0.0,0.0,0.0,0.0,0.0,0.0,1.0,0.0,0.0,0.0,0.0,0.0,0.0,0.0,0.0,0.0,0.0,0.0,0.0,0.0,0.0,0.0,0.0,0.0,0.0,0.0,0.0,0.0,0.0,0.0,0.0,0.0,0.0,0.0,0.0,0.0,0.0,0.0,1.0,0.0,0.0,0.0,0.0,0.0,0.0,0.0,0.0,0.0,0.0,0.0,0.0,0.0,0.0,0.0,0.0,0.0,0.0,0.0,0.0,
204464,Marquito,ALMOXARIFADO,1368.47025,2025,1,0.3276238750114294,cta_11,-1.097478062043903,0.5904325504068911,1,0.1351175392417625,1,0.3192604,1,0.0006266892891823,1,0.592682207506564,1,Marquito,False,12,4,2,2336.9885395758056,0.0,0.0,0.0,0.0,0.0,0.0,0.0,0.0,0.0,0.0,0.0,0.0,0.0,0.0,0.0,0.0,0.0,0.0,0.0,0.0,0.0,0.0,0.0,0.0,0.0,0.0,0.0,0.0,0.0,0.0,0.0,0.0,0.0,0.0,0.0,0.0,0.0,0.0,0.0,0.0,0.0,0.0,0.0,1.0,0.0,0.0,0.0,0.0,0.0,0.0,0.0,0.0,0.0,0.0,0.0,0.0,0.0,0.0,0.0,0.0,0.0,0.0,0.0,0.0,0.0,0.0,0.0,0.0,0.0,0.0,0.0,0.0,0.0,0.0,0.0,1.0,0.0,0.0,0.0,0.0,0.0,0.0,0.0,0.0,0.0,0.0,0.0,0.0,0.0,0.0,0.0,0.0,0.0,0.0,0.0,0.0,
204474,Mauricio Peixer,ALMOXARIFADO,190.47020592,2025,1,0.2952195548102045,cta_6,-0.858947837569435,0.6298052732100344,1,0.1218089532670716,1,0.1744952,1,0.0006080267816796,1,0.5493803155090718,1,Mauricio Peixer,False,1,1,4,2336.9885395758056,0.0,0.0,0.0,0.0,0.0,0.0,1.0,0.0,0.0,0.0,0.0,0.0,0.0,0.0,0.0,0.0,0.0,0.0,0.0,0.0,0.0,0.0,0.0,0.0,0.0,0.0,0.0,0.0,0.0,0.0,0.0,0.0,0.0,0.0,0.0,0.0,0.0,0.0,0.0,0.0,0.0,0.0,0.0,0.0,0.0,0.0,0.0,0.0,0.0,0.0,0.0,0.0,0.0,0.0,0.0,0.0,0.0,0.0,0.0,0.0,0.0,0.0,0.0,0.0,0.0,0.0,0.0,0.0,0.0,0.0,1.0,0.0,0.0,0.0,0.0,0.0,0.0,0.0,0.0,0.0,0.0,0.0,0.0,0.0,0.0,0.0,0.0,0.0,0.0,0.0,0.0,0.0,0.0,0.0,0.0,0.0,
204475,Mauricio Peixer,ALMOXARIFADO,81.83712755999998,2025,1,0.3046306356575233,fav_6,-0.8613772566746771,0.6653823420608614,1,0.125100270541672,1,0.18221863,1,0.000613438812087,1,0.5498385007314479,1,Mauricio Peixer,False,3,1,0,2336.9885395758056,0.0,0.0,0.0,0.0,0.0,0.0,1.0,0.0,0.0,0.0,0.0,0.0,0.0,0.0,0.0,0.0,0.0,0.0,0.0,0.0,0.0,0.0,0.0,0.0,0.0,0.0,0.0,0.0,0.0,0.0,0.0,0.0,0.0,0.0,0.0,0.0,0.0,0.0,0.0,0.0,0.0,0.0,0.0,0.0,0.0,0.0,0.0,0.0,0.0,0.0,0.0,0.0,0.0,0.0,0.0,0.0,0.0,0.0,0.0,0.0,0.0,0.0,0.0,0.0,0.0,0.0,0.0,0.0,0.0,0.0,1.0,0.0,0.0,0.0,0.0,0.0,0.0,0.0,0.0,0.0,0.0,0.0,0.0,0.0,0.0,0.0,0.0,0.0,0.0,0.0,0.0,0.0,0.0,0.0,0.0,0.0,
204476,Mauricio Peixer,ALMOXARIFADO,463.37184648,2025,1,0.2792977267808512,cta_6,-0.8983774159894389,0.5981231570968732,1,0.1079543481389547,1,0.16702431,1,0.0006032575817271,1,0.522783556683167,1,Mauricio Peixer,False,4,2,2,2336.9885395758056,0.0,0.0,0.0,0.0,0.0,0.0,1.0,0.0,0.0,0.0,0.0,0.0,0.0,0.0,0.0,0.0,0.0,0.0,0.0,0.0,0.0,0.0,0.0,0.0,0.0,0.0,0.0,0.0,0.0,0.0,0.0,0.0,0.0,0.0,0.0,0.0,0.0,0.0,0.0,0.0,0.0,0.0,0.0,0.0,0.0,0.0,0.0,0.0,0.0,0.0,0.0,0.0,0.0,0.0,0.0,0.0,0.0,0.0,0.0,0.0,0.0,0.0,0.0,0.0,0.0,0.0,0.0,0.0,0.0,0.0,1.0,0.0,0.0,0.0,0.0,0.0,0.0,0.0,0.0,0.0,0.0,0.0,0.0,0.0,0.0,0.0,0.0,0.0,0.0,0.0,0.0,0.0,0.0,0.0,0.0,0.0,
204477,Mauricio Peixer,ALMOXARIFADO,344.5521362399999,2025,1,0.2931494979784055,cta_6,-0.8981971160381896,0.6457883094584881,1,0.1119310369377024,1,0.17625819,1,0.00060247075165,1,0.5311674812778557,1,Mauricio Peixer,False,5,2,5,2336.9885395758056,0.0,0.0,0.0,0.0,0.0,0.0,1.0,0.0,0.0,0.0,0.0,0.0,0.0,0.0,0.0,0.0,0.0,0.0,0.0,0.0,0.0,0.0,0.0,0.0,0.0,0.0,0.0,0.0,0.0,0.0,0.0,0.0,0.0,0.0,0.0,0.0,0.0,0.0,0.0,0.0,0.0,0.0,0.0,0.0,0.0,0.0,0.0,0.0,0.0,0.0,0.0,0.0,0.0,0.0,0.0,0.0,0.0,0.0,0.0,0.0,0.0,0.0,0.0,0.0,0.0,0.0,0.0,0.0,0.0,0.0,1.0,0.0,0.0,0.0,0.0,0.0,0.0,0.0,0.0,0.0,0.0,0.0,0.0,0.0,0.0,0.0,0.0,0.0,0.0,0.0,0.0,0.0,0.0,0.0,0.0,0.0,
204478,Mauricio Peixer,ALMOXARIFADO,100.52130804,2025,1,0.285456441415829,cta_6,-0.8693284547133011,0.6064017716679889,1,0.111504867837222,1,0.17435426,1,0.000611191890903,1,0.5344101204835986,1,Mauricio Peixer,False,6,2,0,2336.9885395758056,0.0,0.0,0.0,0.0,0.0,0.0,1.0,0.0,0.0,0.0,0.0,0.0,0.0,0.0,0.0,0.0,0.0,0.0,0.0,0.0,0.0,0.0,0.0,0.0,0.0,0.0,0.0,0.0,0.0,0.0,0.0,0.0,0.0,0.0,0.0,0.0,0.0,0.0,0.0,0.0,0.0,0.0,0.0,0.0,0.0,0.0,0.0,0.0,0.0,0.0,0.0,0.0,0.0,0.0,0.0,0.0,0.0,0.0,0.0,0.0,0.0,0.0,0.0,0.0,0.0,0.0,0.0,0.0,0.0,0.0,1.0,0.0,0.0,0.0,0.0,0.0,0.0,0.0,0.0,0.0,0.0,0.0,0.0,0.0,0.0,0.0,0.0,0.0,0.0,0.0,0.0,0.0,0.0,0.0,0.0,0.0,
204480,Mauricio Peixer,ALMOXARIFADO,613.1789364,2025,1,0.2965651875799806,cta_6,-0.8788569552926467,0.6434141743192368,1,0.1182860478748965,1,0.18160051,1,0.0006027967994075,1,0.538922407832296,1,Mauricio Peixer,False,8,3,6,2336.9885395758056,0.0,0.0,0.0,0.0,0.0,0.0,1.0,0.0,0.0,0.0,0.0,0.0,0.0,0.0,0.0,0.0,0.0,0.0,0.0,0.0,0.0,0.0,0.0,0.0,0.0,0.0,0.0,0.0,0.0,0.0,0.0,0.0,0.0,0.0,0.0,0.0,0.0,0.0,0.0,0.0,0.0,0.0,0.0,0.0,0.0,0.0,0.0,0.0,0.0,0.0,0.0,0.0,0.0,0.0,0.0,0.0,0.0,0.0,0.0,0.0,0.0,0.0,0.0,0.0,0.0,0.0,0.0,0.0,0.0,0.0,1.0,0.0,0.0,0.0,0.0,0.0,0.0,0.0,0.0,0.0,0.0,0.0,0.0,0.0,0.0,0.0,0.0,0.0,0.0,0.0,0.0,0.0,0.0,0.0,0.0,0.0,
204481,Mauricio Peixer,ALMOXARIFADO,79.96036835999999,2025,1,0.2819327246503796,cta_6,-0.875864721509287,0.5918791233118931,1,0.1078143096038081,1,0.17984305,1,0.0006086091627649,1,0.5295185279517293,1,Mauricio Peixer,False,9,3,1,2336.9885395758056,0.0,0.0,0.0,0.0,0.0,0.0,1.0,0.0,0.0,0.0,0.0,0.0,0.0,0.0,0.0,0.0,0.0,0.0,0.0,0.0,0.0,0.0,0.0,0.0,0.0,0.0,0.0,0.0,0.0,0.0,0.0,0.0,0.0,0.0,0.0,0.0,0.0,0.0,0.0,0.0,0.0,0.0,0.0,0.0,0.0,0.0,0.0,0.0,0.0,0.0,0.0,0.0,0.0,0.0,0.0,0.0,0.0,0.0,0.0,0.0,0.0,0.0,0.0,0.0,0.0,0.0,0.0,0.0,0.0,0.0,1.0,0.0,0.0,0.0,0.0,0.0,0.0,0.0,0.0,0.0,0.0,0.0,0.0,0.0,0.0,0.0,0.0,0.0,0.0,0.0,0.0,0.0,0.0,0.0,0.0,0.0,
204482,Mauricio Peixer,ALMOXARIFADO,1741.997463,2025,1,0.2909704602207225,cta_6,-0.886173883322948,0.6258560331861661,1,0.1154643415329448,1,0.17991203,1,0.0005994774784069,1,0.5330204182092255,1,Mauricio Peixer,False,10,4,4,2336.9885395758056,0.0,0.0,0.0,0.0,0.0,0.0,1.0,0.0,0.0,0.0,0.0,0.0,0.0,0.0,0.0,0.0,0.0,0.0,0.0,0.0,0.0,0.0,0.0,0.0,0.0,0.0,0.0,0.0,0.0,0.0,0.0,0.0,0.0,0.0,0.0,0.0,0.0,0.0,0.0,0.0,0.0,0.0,0.0,0.0,0.0,0.0,0.0,0.0,0.0,0.0,0.0,0.0,0.0,0.0,0.0,0.0,0.0,0.0,0.0,0.0,0.0,0.0,0.0,0.0,0.0,0.0,0.0,0.0,0.0,0.0,1.0,0.0,0.0,0.0,0.0,0.0,0.0,0.0,0.0,0.0,0.0,0.0,0.0,0.0,0.0,0.0,0.0,0.0,0.0,0.0,0.0,0.0,0.0,0.0,0.0,0.0,
204483,Mauricio Peixer,ALMOXARIFADO,975.63327012,2025,1,0.3179596114679041,cta_6,-0.8887574404296656,0.7208759488627641,1,0.1243815209302602,1,0.18975976,1,0.0006033701213231,1,0.5541774563301266,1,Mauricio Peixer,False,11,4,6,2336.9885395758056,0.0,0.0,0.0,0.0,0.0,0.0,1.0,0.0,0.0,0.0,0.0,0.0,0.0,0.0,0.0,0.0,0.0,0.0,0.0,0.0,0.0,0.0,0.0,0.0,0.0,0.0,0.0,0.0,0.0,0.0,0.0,0.0,0.0,0.0,0.0,0.0,0.0,0.0,0.0,0.0,0.0,0.0,0.0,0.0,0.0,0.0,0.0,0.0,0.0,0.0,0.0,0.0,0.0,0.0,0.0,0.0,0.0,0.0,0.0,0.0,0.0,0.0,0.0,0.0,0.0,0.0,0.0,0.0,0.0,0.0,1.0,0.0,0.0,0.0,0.0,0.0,0.0,0.0,0.0,0.0,0.0,0.0,0.0,0.0,0.0,0.0,0.0,0.0,0.0,0.0,0.0,0.0,0.0,0.0,0.0,0.0,
204484,Mauricio Peixer,ALMOXARIFADO,34.594927919999996,2025,1,0.2966989374359782,cta_6,-0.8855813697217049,0.6368819936535797,1,0.1171391164140236,1,0.18253952,1,0.0006095858648058,1,0.5463244685996244,1,Mauricio Peixer,False,12,4,2,2336.9885395758056,0.0,0.0,0.0,0.0,0.0,0.0,1.0,0.0,0.0,0.0,0.0,0.0,0.0,0.0,0.0,0.0,0.0,0.0,0.0,0.0,0.0,0.0,0.0,0.0,0.0,0.0,0.0,0.0,0.0,0.0,0.0,0.0,0.0,0.0,0.0,0.0,0.0,0.0,0.0,0.0,0.0,0.0,0.0,0.0,0.0,0.0,0.0,0.0,0.0,0.0,0.0,0.0,0.0,0.0,0.0,0.0,0.0,0.0,0.0,0.0,0.0,0.0,0.0,0.0,0.0,0.0,0.0,0.0,0.0,0.0,1.0,0.0,0.0,0.0,0.0,0.0,0.0,0.0,0.0,0.0,0.0,0.0,0.0,0.0,0.0,0.0,0.0,0.0,0.0,0.0,0.0,0.0,0.0,0.0,0.0,0.0,
204502,Napoleão Bernardes,ALMOXARIFADO,6569.856240599999,2025,1,0.4344695834499341,cta_19,-1.2670881230785105,0.9658886464594684,1,0.1987539376022046,1,0.48544475,1,0.0011402248505582,1,0.521120353975333,1,Napoleão Bernardes,False,8,3,6,2336.9885395758056,0.0,0.0,0.0,0.0,0.0,0.0,0.0,0.0,0.0,0.0,0.0,0.0,0.0,0.0,0.0,0.0,0.0,0.0,0.0,0.0,0.0,0.0,0.0,0.0,0.0,0.0,0.0,0.0,0.0,0.0,0.0,0.0,0.0,0.0,0.0,0.0,0.0,0.0,0.0,0.0,0.0,0.0,0.0,0.0,0.0,0.0,0.0,0.0,0.0,0.0,0.0,1.0,0.0,0.0,0.0,0.0,0.0,0.0,0.0,0.0,0.0,0.0,0.0,0.0,0.0,0.0,0.0,0.0,0.0,0.0,0.0,0.0,0.0,0.0,0.0,0.0,0.0,0.0,0.0,0.0,0.0,0.0,0.0,1.0,0.0,0.0,0.0,0.0,0.0,0.0,0.0,0.0,0.0,0.0,0.0,0.0,"O valor gasto nesta despesa é muito acima do padrão que o mesmo parlamentar costuma atingir na mesma categoria. Essa diferença se destaca porque o histórico de gastos dele no mesmo tipo de despesa é consideravelmente menor. Portanto, a variação incomum está diretamente ligada ao perfil financeiro habitual do deputado."
204503,Napoleão Bernardes,ALMOXARIFADO,5925.1894554,2025,1,0.3933223843008765,cta_19,-1.249570852611055,0.886178227864089,1,0.1803246590027742,1,0.41784325,1,0.001124153883295,1,0.4811416283337993,1,Napoleão Bernardes,False,9,3,1,2336.9885395758056,0.0,0.0,0.0,0.0,0.0,0.0,0.0,0.0,0.0,0.0,0.0,0.0,0.0,0.0,0.0,0.0,0.0,0.0,0.0,0.0,0.0,0.0,0.0,0.0,0.0,0.0,0.0,0.0,0.0,0.0,0.0,0.0,0.0,0.0,0.0,0.0,0.0,0.0,0.0,0.0,0.0,0.0,0.0,0.0,0.0,0.0,0.0,0.0,0.0,0.0,0.0,1.0,0.0,0.0,0.0,0.0,0.0,0.0,0.0,0.0,0.0,0.0,0.0,0.0,0.0,0.0,0.0,0.0,0.0,0.0,0.0,0.0,0.0,0.0,0.0,0.0,0.0,0.0,0.0,0.0,0.0,0.0,0.0,1.0,0.0,0.0,0.0,0.0,0.0,0.0,0.0,0.0,0.0,0.0,0.0,0.0,"O valor gasto é mais do que o dobro da média histórica que o parlamentar costuma registrar para essa categoria. A discrepância ocorre porque o próprio histórico de compras dele apresenta variações acima do padrão que ele normalmente segue. Dessa forma, a despesa se destaca por fugir do comportamento financeiro que ele costuma manter."
204527,Oscar Gutz,ALMOXARIFADO,25.774159679999997,2025,1,0.6796429730353013,cta_24,-1.245032920095371,0.6110873403149203,1,0.8651764364701667,1,0.9220208,1,0.0012805760902657,1,0.9986497193400334,1,Oscar Gutz,False,2,1,4,2336.9885395758056,0.0,0.0,0.0,0.0,0.0,0.0,0.0,0.0,0.0,0.0,0.0,0.0,0.0,0.0,0.0,0.0,0.0,0.0,0.0,0.0,0.0,0.0,0.0,0.0,1.0,0.0,0.0,0.0,0.0,0.0,0.0,0.0,0.0,0.0,0.0,0.0,0.0,0.0,0.0,0.0,0.0,0.0,0.0,0.0,0.0,0.0,0.0,0.0,0.0,0.0,0.0,0.0,0.0,0.0,0.0,0.0,0.0,0.0,0.0,0.0,0.0,0.0,0.0,0.0,0.0,0.0,0.0,0.0,0.0,0.0,0.0,0.0,0.0,0.0,0.0,0.0,0.0,0.0,0.0,0.0,0.0,0.0,0.0,0.0,0.0,0.0,0.0,0.0,1.0,0.0,0.0,0.0,0.0,0.0,0.0,0.0,
204528,Oscar Gutz,ALMOXARIFADO,68.15763828,2025,1,0.7090381299238481,cta_24,-1.3398912607662132,0.68055614574539,1,0.8644639843233691,1,1.0,1,0.0012892933176044,1,0.9988812262328768,1,Oscar Gutz,False,3,1,0,2336.9885395758056,0.0,0.0,0.0,0.0,0.0,0.0,0.0,0.0,0.0,0.0,0.0,0.0,0.0,0.0,0.0,0.0,0.0,0.0,0.0,0.0,0.0,0.0,0.0,0.0,1.0,0.0,0.0,0.0,0.0,0.0,0.0,0.0,0.0,0.0,0.0,0.0,0.0,0.0,0.0,0.0,0.0,0.0,0.0,0.0,0.0,0.0,0.0,0.0,0.0,0.0,0.0,0.0,0.0,0.0,0.0,0.0,0.0,0.0,0.0,0.0,0.0,0.0,0.0,0.0,0.0,0.0,0.0,0.0,0.0,0.0,0.0,0.0,0.0,0.0,0.0,0.0,0.0,0.0,0.0,0.0,0.0,0.0,0.0,0.0,0.0,0.0,0.0,0.0,1.0,0.0,0.0,0.0,0.0,0.0,0.0,0.0,"A despesa é considerada anômala porque o valor gasto é drasticamente inferior à média histórica que este parlamentar costuma registrar com a mesma finalidade, indicando uma redução abrupta e não habitual. Esse valor se afasta completamente do padrão anterior, configurando um comportamento fora do esperado que se destaca em relação ao seu histórico de despesas."
204533,Oscar Gutz,ALMOXARIFADO,3116.4107837999995,2025,1,0.6794592619819314,cta_24,-1.2237129189009008,0.6175368175026823,1,0.8635057938237379,1,0.9149791,1,0.001274598355881,1,1.0,1,Oscar Gutz,False,12,4,2,2336.9885395758056,0.0,0.0,0.0,0.0,0.0,0.0,0.0,0.0,0.0,0.0,0.0,0.0,0.0,0.0,0.0,0.0,0.0,0.0,0.0,0.0,0.0,0.0,0.0,0.0,1.0,0.0,0.0,0.0,0.0,0.0,0.0,0.0,0.0,0.0,0.0,0.0,0.0,0.0,0.0,0.0,0.0,0.0,0.0,0.0,0.0,0.0,0.0,0.0,0.0,0.0,0.0,0.0,0.0,0.0,0.0,0.0,0.0,0.0,0.0,0.0,0.0,0.0,0.0,0.0,0.0,0.0,0.0,0.0,0.0,0.0,0.0,0.0,0.0,0.0,0.0,0.0,0.0,0.0,0.0,0.0,0.0,0.0,0.0,0.0,0.0,0.0,0.0,0.0,1.0,0.0,0.0,0.0,0.0,0.0,0.0,0.0,"O valor registrado ultrapassa em cerca de 22% o padrão habitual de gastos do parlamentar nesta mesma categoria. Esse desvio ocorre porque o histórico de compras de Oscar Gutz indica valores consistentemente menores, tornando este lançamento fora do esperado. A divergência está diretamente ligada ao comportamento de gasto próprio do deputado, e não a mudanças nas necessidades de trabalho."
204566,Sérgio Guimarães,ALMOXARIFADO,40.68396888,2025,1,0.3126725281221848,cta_29,-0.8146057154467219,0.6187642286131559,1,0.1331685578082511,1,0.20704922,1,0.0006990666205536,1,0.6036815667685634,1,Sérgio Guimarães,False,3,1,0,2336.9885395758056,0.0,0.0,0.0,0.0,0.0,0.0,0.0,0.0,0.0,0.0,0.0,0.0,0.0,0.0,0.0,0.0,0.0,0.0,0.0,0.0,0.0,0.0,0.0,0.0,0.0,0.0,0.0,0.0,0.0,1.0,0.0,0.0,0.0,0.0,0.0,0.0,0.0,0.0,0.0,0.0,0.0,0.0,0.0,0.0,0.0,0.0,0.0,0.0,0.0,0.0,0.0,0.0,0.0,0.0,0.0,0.0,0.0,0.0,0.0,0.0,0.0,0.0,0.0,0.0,0.0,0.0,0.0,0.0,0.0,0.0,0.0,0.0,0.0,0.0,0.0,0.0,0.0,0.0,0.0,0.0,0.0,0.0,0.0,0.0,0.0,0.0,0.0,0.0,0.0,0.0,0.0,0.0,0.0,1.0,0.0,0.0,
